id,persona_id,corporacion_id,cuatrienio_id,partido_id,curul_id,circunscripcion_id,departamento_id_mayor_votacion,activo,usercreated,usermodified,create_at,updated_at
55,375,2,1,2,NA,19,17,1,,,,
49,367,2,1,4,NA,31,32,1,,,,
200,586,1,1,74,NA,35,5,1,,,,
138,488,2,1,4,NA,17,19,1,,,,
34,342,2,1,2,NA,27,28,1,,,,
371,829,2,1,4,NA,31,32,1,,,,
2055,829,2,1,4,NA,31,32,1,,,,
2054,829,2,1,4,NA,31,32,1,,,,
158,517,2,1,40,NA,29,30,1,,,,
1946,517,2,1,40,NA,29,30,1,,,,
2040,517,2,1,40,NA,29,30,1,,,,
78,405,2,1,91,NA,31,32,1,,,,
65,389,2,1,5,NA,1,1,1,,,,
170,537,1,1,2,NA,35,6,1,,,,
29,336,2,1,2,NA,3,3,1,,,,
1850,336,2,4,2,NA,3,3,1,,,,
512,1033,2,1,2,NA,30,26,1,,,,
83,412,2,1,74,NA,10,8,1,,,,
657,619,2,4,2,NA,3,3,1,,,,
1858,619,2,4,2,NA,3,3,1,,,,
627,534,2,4,4,NA,23,23,1,,,,
192,575,2,1,2,NA,12,15,1,,,,
149,504,2,1,70,NA,31,32,1,,,,
134,480,2,1,2,NA,1,1,1,,,,
1546,2224,2,4,3,NA,3,3,1,,,,
234,640,1,1,2,NA,35,15,1,,,,
223,618,1,1,2,NA,35,31,1,,,,
136,486,1,1,74,NA,35,5,1,,,,
1066,164,2,2,3,NA,8,7,1,,,,
53,371,1,1,74,NA,35,5,1,,,,
261,675,1,1,4,NA,35,18,1,,,,
348,795,2,1,2,NA,34,31,1,,,,
214,606,2,1,4,NA,12,15,1,,,,
923,1140,1,4,28,NA,35,1,1,,,,
221,616,2,1,2,NA,34,31,1,,,,
545,354,2,4,1,NA,28,29,1,,,,
178,552,2,1,2,NA,14,13,1,,,,
2045,552,2,1,2,NA,14,13,1,,,,
884,1091,1,4,2,NA,35,15,1,,,,
1378,1091,1,1,2,NA,35,15,1,,,,
394,861,2,1,38,NA,3,3,1,,,,
280,703,1,1,2,NA,35,3,1,,,,
2003,703,1,1,2,NA,35,3,1,,,,
270,685,2,1,2,NA,22,20,1,,,,
168,533,2,1,61,NA,7,6,1,,,,
661,624,2,4,53,NA,17,19,1,,,,
201,588,2,1,4,NA,17,19,1,,,,
573,426,1,4,2,NA,35,3,1,,,,
95,426,2,1,2,NA,1,1,1,,,,
391,858,2,1,2,NA,10,8,1,,,,
163,525,1,1,69,NA,35,1,1,,,,
330,770,2,1,2,NA,1,1,1,,,,
292,720,1,1,2,NA,35,1,1,,,,
303,733,1,1,2,NA,35,1,1,,,,
1547,2226,2,4,2,NA,17,19,1,,,,
191,574,1,1,2,NA,35,12,1,,,,
603,481,1,4,37,NA,35,3,1,,,,
258,671,1,1,2,NA,35,31,1,,,,
256,669,2,1,2,NA,15,12,1,,,,
17,320,2,1,2,NA,19,17,1,,,,
287,710,1,1,2,NA,35,29,1,,,,
198,584,1,1,66,NA,35,23,1,,,,
205,595,2,1,2,NA,1,1,1,,,,
509,1029,1,1,96,NA,35,20,1,,,,
871,1072,1,4,4,NA,35,32,1,,,,
1893,1072,1,1,4,NA,35,32,1,,,,
902,1111,2,4,68,NA,15,12,1,,,,
413,887,2,1,4,NA,15,12,1,,,,
404,878,2,1,91,NA,31,32,1,,,,
332,773,2,1,2,NA,13,9,1,,,,
125,468,1,1,4,NA,35,3,1,,,,
102,434,2,1,74,NA,7,6,1,,,,
804,949,2,4,4,NA,7,7,1,,,,
487,1003,1,1,2,NA,35,12,1,,,,
1995,1003,1,1,2,NA,35,12,1,,,,
289,712,2,1,2,NA,12,15,1,,,,
926,1146,1,4,43,NA,35,20,1,,,,
309,742,1,1,2,NA,35,20,1,,,,
2008,742,1,1,2,NA,35,20,1,,,,
931,1137,1,4,4,NA,35,18,1,,,,
1338,1137,2,1,4,NA,34,31,1,,,,
913,1126,2,4,146,NA,7,6,1,,,,
1865,1126,2,4,146,NA,7,6,1,,,,
908,1120,2,4,3,NA,34,31,1,,,,
370,828,2,1,2,NA,4,2,1,,,,
907,1118,2,4,2,NA,8,7,1,,,,
373,833,2,1,77,NA,28,29,1,,,,
416,890,1,1,4,NA,35,20,1,,,,
835,1013,2,4,5,NA,31,32,1,,,,
281,704,2,1,74,NA,10,8,1,,,,
905,1116,2,4,10,NA,9,11,1,,,,
277,697,1,1,69,NA,35,1,1,,,,
946,1132,2,4,2,NA,14,13,1,,,,
344,787,2,1,2,NA,31,32,1,,,,
742,804,2,4,2,NA,28,29,1,,,,
282,705,2,1,2,NA,7,6,1,,,,
930,1149,1,4,2,NA,35,29,1,,,,
924,1141,1,4,73,NA,35,5,1,,,,
844,1041,1,4,103,NA,35,1,1,,,,
625,526,2,4,29,NA,20,18,1,,,,
939,1157,2,4,110,NA,31,32,1,,,,
903,1112,2,4,67,NA,23,23,1,,,,
914,1127,2,4,2,NA,31,32,1,,,,
1866,1127,2,4,2,NA,31,32,1,,,,
483,996,2,1,2,NA,34,31,1,,,,
792,924,1,4,73,NA,35,5,1,,,,
278,698,2,1,79,NA,1,1,1,,,,
491,1008,1,1,2,NA,35,20,1,,,,
1977,1008,1,1,2,NA,35,20,1,,,,
453,946,1,1,4,NA,35,7,1,,,,
342,785,1,1,2,NA,35,12,1,,,,
854,1051,1,4,9,NA,36,23,1,,,,
460,958,2,1,2,NA,2,5,1,,,,
122,465,1,1,2,NA,35,29,1,,,,
596,465,2,4,2,NA,14,13,1,,,,
1975,465,1,1,2,NA,35,29,1,,,,
457,951,2,1,2,NA,12,15,1,,,,
455,948,1,1,2,NA,35,32,1,,,,
795,930,2,4,50,NA,4,2,1,,,,
350,797,2,1,4,NA,15,12,1,,,,
649,589,1,4,1,NA,35,29,1,,,,
268,682,2,1,2,NA,26,27,1,,,,
421,897,1,1,2,NA,35,1,1,,,,
957,1320,2,4,35,NA,1,1,1,,,,
160,520,1,1,4,NA,35,23,1,,,,
1549,2227,2,4,53,NA,10,8,1,,,,
1548,2227,2,4,53,NA,10,8,1,,,,
527,314,2,4,9,NA,36,39,1,,,,
471,977,2,1,2,NA,12,15,1,,,,
863,1064,1,4,3,NA,35,5,1,,,,
1537,1064,1,4,3,NA,35,5,1,,,,
635,550,2,4,68,NA,24,24,1,,,,
864,1065,1,4,28,NA,35,1,1,,,,
1905,1065,1,4,28,NA,35,1,1,,,,
1550,2228,2,4,68,NA,23,23,1,,,,
858,1059,1,4,58,NA,35,12,1,,,,
485,1000,2,1,4,NA,28,29,1,,,,
958,1322,2,4,66,NA,2,5,1,,,,
171,539,2,1,2,NA,31,32,1,,,,
753,830,2,4,2,NA,26,27,1,,,,
843,1040,1,4,2,NA,35,3,1,,,,
670,636,2,4,47,NA,2,5,1,,,,
667,634,1,4,40,NA,35,30,1,,,,
1900,634,1,4,40,NA,35,30,1,,,,
725,760,2,4,68,NA,15,12,1,,,,
1857,760,2,4,68,NA,15,12,1,,,,
175,546,1,1,2,NA,35,6,1,,,,
469,974,1,1,2,NA,35,29,1,,,,
333,774,1,1,27,NA,35,5,1,,,,
801,943,2,4,37,NA,3,3,1,,,,
209,602,1,1,2,NA,35,19,1,,,,
704,714,2,4,4,NA,31,32,1,,,,
224,620,2,1,74,NA,10,8,1,,,,
2038,620,2,1,74,NA,10,8,1,,,,
2037,620,2,1,74,NA,10,8,1,,,,
751,824,2,4,4,NA,20,18,1,,,,
177,551,2,1,2,NA,14,13,1,,,,
46,364,1,1,2,NA,35,12,1,,,,
51,369,2,1,2,NA,31,32,1,,,,
553,369,1,4,2,NA,35,32,1,,,,
942,1160,2,4,53,NA,17,19,1,,,,
482,994,1,1,2,NA,35,32,1,,,,
897,1106,2,4,2,NA,14,13,1,,,,
869,1069,1,4,4,NA,35,31,1,,,,
948,1162,2,4,53,NA,17,19,1,,,,
1557,2251,2,4,2,NA,3,3,1,,,,
904,1114,2,4,2,NA,29,30,1,,,,
940,1158,2,4,4,NA,31,32,1,,,,
70,394,1,1,95,NA,35,30,1,,,,
906,1117,2,4,1,NA,28,29,1,,,,
620,513,2,4,53,NA,26,27,1,,,,
845,1042,1,4,36,NA,35,1,1,,,,
763,852,2,4,17,NA,24,24,1,,,,
465,966,1,1,90,NA,35,3,1,,,,
567,406,1,4,103,NA,35,1,1,,,,
731,784,2,4,53,NA,17,19,1,,,,
86,415,2,1,2,NA,10,8,1,,,,
120,462,2,1,4,NA,25,25,1,,,,
761,844,2,4,2,NA,15,12,1,,,,
915,1128,2,4,2,NA,8,7,1,,,,
758,839,1,4,2,NA,35,31,1,,,,
276,695,2,1,2,NA,25,25,1,,,,
925,1151,1,4,72,NA,35,20,1,,,,
380,845,2,1,2,NA,31,32,1,,,,
438,918,2,1,4,NA,16,14,1,,,,
952,1267,2,4,3,NA,12,15,1,,,,
825,986,2,4,2,NA,1,1,1,,,,
899,1108,2,4,35,NA,31,32,1,,,,
886,1093,1,4,72,NA,35,20,1,,,,
928,1124,2,4,41,NA,1,1,1,,,,
243,649,1,1,9,NA,35,23,1,,,,
515,1036,2,1,11,NA,33,33,1,,,,
771,870,2,4,4,NA,34,31,1,,,,
285,708,1,1,74,NA,35,5,1,,,,
1944,476,2,1,4,NA,19,17,1,,,,
910,476,2,4,4,NA,19,16,1,,,,
1861,476,2,4,4,NA,19,17,1,,,,
253,665,2,1,4,NA,3,3,1,,,,
613,502,2,4,3,NA,3,3,1,,,,
656,614,1,4,73,NA,35,5,1,,,,
933,1152,2,4,3,NA,3,3,1,,,,
945,1131,2,4,2,NA,14,13,1,,,,
476,983,1,1,74,NA,35,5,1,,,,
2017,983,1,1,74,NA,35,5,1,,,,
901,1110,2,4,2,NA,3,3,1,,,,
1526,2132,1,4,9,NA,36,23,1,,,,
418,892,1,1,2,NA,35,15,1,,,,
259,673,2,1,4,NA,20,18,1,,,,
382,848,2,1,2,NA,1,1,1,,,,
345,788,1,1,74,NA,35,15,1,,,,
1978,859,1,1,2,NA,35,6,1,,,,
392,859,1,1,2,NA,35,6,1,,,,
896,1103,2,4,4,NA,22,20,1,,,,
39,351,2,1,4,NA,31,32,1,,,,
2067,351,2,1,4,NA,31,32,1,,,,
58,378,2,1,2,NA,34,31,1,,,,
808,954,2,4,4,NA,7,6,1,,,,
294,723,2,1,40,NA,29,30,1,,,,
917,1130,2,4,5,NA,38,6,1,,,,
386,854,2,1,2,NA,31,32,1,,,,
756,835,2,4,2,NA,28,29,1,,,,
104,436,1,1,11,NA,35,32,1,,,,
376,838,2,1,2,NA,26,27,1,,,,
74,401,1,1,51,NA,35,1,1,,,,
2004,401,1,1,51,NA,35,1,1,,,,
64,388,1,1,105,NA,35,1,1,,,,
891,1098,2,4,4,NA,29,30,1,,,,
883,1090,1,4,45,NA,35,11,1,,,,
381,846,2,1,4,NA,10,8,1,,,,
2030,846,2,1,4,NA,10,8,1,,,,
334,775,2,1,4,NA,20,18,1,,,,
716,741,1,4,2,NA,35,5,1,,,,
503,1023,1,1,4,NA,35,3,1,,,,
849,1046,1,4,72,NA,35,20,1,,,,
614,503,2,4,85,NA,24,24,1,,,,
1856,503,2,4,85,NA,24,24,1,,,,
956,1308,1,4,5,NA,35,5,1,,,,
812,961,2,4,4,NA,8,7,1,,,,
179,553,2,1,4,NA,16,14,1,,,,
425,902,2,1,38,NA,3,3,1,,,,
508,1028,2,1,2,NA,22,20,1,,,,
853,1050,1,4,58,NA,35,12,1,,,,
302,732,2,1,4,NA,21,22,1,,,,
609,494,2,4,2,NA,34,31,1,,,,
174,544,2,1,54,NA,28,29,1,,,,
71,396,2,1,4,NA,26,27,1,,,,
337,778,1,1,2,NA,35,5,1,,,,
211,603,1,1,59,NA,35,1,1,,,,
2001,603,1,1,59,NA,35,1,1,,,,
892,1099,2,4,4,NA,29,30,1,,,,
698,699,2,4,2,NA,15,12,1,,,,
91,421,2,1,4,NA,8,7,1,,,,
237,642,2,1,28,NA,33,33,1,,,,
1972,959,1,1,3,NA,35,30,1,,,,
811,959,1,4,3,NA,35,30,1,,,,
1885,959,1,4,3,NA,35,30,1,,,,
1886,959,1,4,3,NA,35,30,1,,,,
1887,959,1,4,3,NA,35,30,1,,,,
2006,959,1,1,3,NA,35,30,1,,,,
671,637,2,4,2,NA,17,19,1,,,,
893,1100,2,4,2,NA,16,14,1,,,,
321,757,2,1,2,NA,34,31,1,,,,
417,891,2,1,4,NA,31,32,1,,,,
225,626,1,1,4,NA,35,31,1,,,,
75,402,1,1,2,NA,35,3,1,,,,
2012,402,1,1,2,NA,35,3,1,,,,
2011,402,1,1,2,NA,35,3,1,,,,
720,752,2,4,110,NA,31,32,1,,,,
14,316,2,1,2,NA,3,3,1,,,,
470,976,1,1,2,NA,35,5,1,,,,
872,1073,1,4,2,NA,35,31,1,,,,
497,1015,1,1,4,NA,35,8,1,,,,
629,538,2,4,2,NA,20,18,1,,,,
340,782,1,1,59,NA,35,1,1,,,,
385,851,2,1,17,NA,24,24,1,,,,
595,464,2,4,2,NA,14,13,1,,,,
422,898,2,1,67,NA,4,2,1,,,,
215,607,2,1,2,NA,7,6,1,,,,
1554,2241,2,4,3,NA,34,31,1,,,,
1552,2232,1,4,129,NA,35,12,1,,,,
146,499,2,1,2,NA,31,32,1,,,,
1980,729,1,1,4,NA,35,29,1,,,,
299,729,1,1,4,NA,35,29,1,,,,
28,334,1,1,2,NA,35,6,1,,,,
219,613,2,1,2,NA,12,15,1,,,,
889,1096,2,4,2,NA,28,29,1,,,,
324,762,1,1,2,NA,35,12,1,,,,
288,711,1,1,2,NA,35,32,1,,,,
157,515,2,1,2,NA,10,8,1,,,,
769,867,2,4,10,NA,34,31,1,,,,
240,645,1,1,4,NA,35,8,1,,,,
296,725,1,1,4,NA,35,6,1,,,,
710,725,1,4,4,NA,35,6,1,,,,
1136,725,1,2,4,NA,35,6,1,,,,
77,404,2,1,102,NA,13,9,1,,,,
423,899,2,1,2,NA,29,31,1,,,,
390,857,2,1,74,NA,10,8,1,,,,
2000,4450,1,1,2,NA,35,32,1,,,,
255,667,1,1,2,NA,35,14,1,,,,
959,1323,2,4,38,NA,3,3,1,,,,
1,302,2,1,2,NA,31,32,1,,,,
877,1079,1,4,4,NA,35,32,1,,,,
108,1079,1,1,4,NA,35,32,1,,,,
440,923,2,1,38,NA,3,3,1,,,,
740,802,1,4,27,NA,35,5,1,,,,
26,332,2,1,2,NA,8,7,1,,,,
56,376,1,1,2,NA,35,5,1,,,,
826,987,2,4,1,NA,26,27,1,,,,
377,840,1,1,74,NA,35,8,1,,,,
727,767,2,4,3,NA,22,20,1,,,,
1859,767,2,4,3,NA,22,20,1,,,,
13,315,2,1,2,NA,16,14,1,,,,
860,1056,1,4,4,NA,35,23,1,,,,
2385,7795,1,7,3,NA,35,6,1,,,,
591,456,1,4,37,NA,35,3,1,,,,
686,672,2,4,4,NA,31,32,1,,,,
1862,672,2,4,4,NA,31,32,1,,,,
1954,3361,1,1,2,NA,35,5,1,,,,
1246,1282,2,2,4,NA,23,23,1,,,,
151,506,1,1,4,NA,35,8,1,,,,
599,472,2,4,61,NA,2,5,1,,,,
594,461,2,4,53,NA,12,15,1,,,,
42,356,1,1,74,NA,35,5,1,,,,
33,340,2,1,4,NA,3,3,1,,,,
2028,340,2,1,4,NA,3,3,1,,,,
1901,2589,1,4,2,NA,35,31,1,,,,
69,393,2,1,70,NA,31,32,1,,,,
522,306,1,4,4,NA,35,23,1,,,,
2372,12215,2,1,2,NA,32,34,1,,,,
148,501,2,1,70,NA,31,32,1,,,,
400,872,1,1,2,NA,35,6,1,,,,
375,837,1,1,2,NA,35,1,1,,,,
1961,3485,2,1,4,NA,3,3,1,,,,
934,1153,2,4,2,NA,28,29,1,,,,
919,1134,2,4,2,NA,30,26,1,,,,
1483,2049,1,4,2,NA,35,24,1,,,,
232,638,2,1,4,NA,17,19,1,,,,
1543,2214,1,4,2,NA,35,27,1,,,,
141,491,1,1,2,NA,35,14,1,,,,
93,424,2,1,2,NA,34,31,1,,,,
2069,424,2,1,2,NA,34,31,1,,,,
1074,1225,2,2,17,NA,22,20,1,,,,
878,524,1,4,43,NA,35,5,1,,,,
1947,524,1,1,43,NA,35,5,1,,,,
2015,524,1,1,43,NA,35,5,1,,,,
2016,524,1,1,43,NA,35,5,1,,,,
2048,4642,2,1,2,NA,28,29,1,,,,
1556,2250,1,4,2,NA,35,29,1,,,,
263,677,1,1,4,NA,35,20,1,,,,
68,392,2,1,4,NA,8,7,1,,,,
708,719,1,4,2,NA,35,20,1,,,,
445,935,1,1,40,NA,35,30,1,,,,
1992,935,1,1,40,NA,35,30,1,,,,
1991,935,1,1,40,NA,35,30,1,,,,
250,661,1,1,105,NA,35,1,1,,,,
767,865,1,4,53,NA,35,27,1,,,,
139,489,1,1,2,NA,35,19,1,,,,
680,651,1,4,6,NA,35,1,1,,,,
1544,2215,1,4,129,NA,35,12,1,,,,
865,600,1,4,37,NA,35,3,1,,,,
1904,600,1,4,37,NA,35,3,1,,,,
1881,600,1,4,37,NA,35,3,1,,,,
1953,600,2,1,37,NA,35,23,1,,,,
2005,600,1,1,37,NA,35,23,1,,,,
362,820,2,1,2,NA,1,1,1,,,,
868,1068,1,4,73,NA,35,5,1,,,,
1362,1068,1,1,73,NA,35,12,1,,,,
89,418,1,1,2,NA,35,11,1,,,,
782,900,1,4,4,NA,35,15,1,,,,
780,895,2,4,2,NA,15,12,1,,,,
2007,4454,1,1,11,NA,35,32,1,,,,
693,687,2,4,53,NA,30,26,1,,,,
880,1084,1,4,11,NA,35,32,1,,,,
999,1192,2,2,4,NA,34,31,1,,,,
662,625,1,4,53,NA,35,24,1,,,,
1538,625,1,4,53,NA,35,24,1,,,,
938,1156,2,4,2,NA,2,5,1,,,,
66,390,1,1,30,NA,35,6,1,,,,
563,390,1,4,30,NA,35,6,1,,,,
1230,390,1,2,30,NA,35,5,1,,,,
2010,4455,1,1,4,NA,35,7,1,,,,
486,1001,2,1,144,NA,24,24,1,,,,
1545,2223,1,4,127,NA,35,15,1,,,,
2019,4457,1,1,2,NA,35,20,1,,,,
882,1089,1,4,2,NA,35,20,1,,,,
308,740,2,1,2,NA,20,18,1,,,,
286,709,1,1,4,NA,35,7,1,,,,
639,560,1,4,8,NA,35,30,1,,,,
1174,560,1,2,8,NA,35,30,1,,,,
183,560,1,1,8,NA,35,30,1,,,,
2035,1652,2,1,4,NA,10,8,1,,,,
624,523,2,4,110,NA,31,32,1,,,,
245,655,2,1,2,NA,18,16,1,,,,
1508,2107,2,4,66,NA,2,5,1,,,,
1507,2107,2,1,66,NA,17,19,1,,,,
2032,2107,2,1,66,NA,17,19,1,,,,
1769,2044,2,6,2,NA,14,13,1,,,,
598,470,2,4,34,NA,1,1,1,,,,
1942,133,2,2,4,NA,8,7,1,,,,
1672,133,1,6,4,NA,35,7,1,,,,
1518,133,2,4,4,NA,35,7,1,,,,
372,831,2,1,70,NA,31,32,1,,,,
1612,1219,2,6,2,NA,1,1,1,,,,
1057,1219,2,2,2,NA,1,1,1,,,,
176,548,1,1,2,NA,35,29,1,,,,
1682,548,1,6,2,NA,35,29,1,,,,
130,475,1,1,4,NA,35,20,1,,,,
1434,252,2,2,5,NA,3,3,1,,,,
1436,252,2,1,5,NA,3,3,1,,,,
1435,252,2,4,5,NA,3,3,1,,,,
602,28,1,4,2,NA,35,24,1,,,,
131,28,1,1,2,NA,35,24,1,,,,
1159,28,1,2,2,NA,35,24,1,,,,
1690,28,1,6,2,NA,35,24,1,,,,
1334,3,1,2,3,NA,35,23,1,,,,
248,659,2,1,2,NA,2,5,1,,,,
1297,1313,2,2,3,NA,12,15,1,,,,
1910,1313,2,2,3,NA,12,15,1,,,,
1455,86,1,2,5,NA,35,1,1,,,,
2564,13900,1,8,144,NA,35,NA,1,,,,
663,627,2,4,1,NA,28,29,1,,,,
1007,627,2,2,1,NA,28,29,1,,,,
45,363,2,1,67,NA,4,2,1,,,,
1734,1912,2,6,12,NA,8,7,1,,,,
450,942,2,1,2,NA,31,32,1,,,,
2025,942,2,1,2,NA,31,32,1,,,,
2024,942,2,1,2,NA,31,32,1,,,,
1422,97,1,2,4,NA,35,32,1,,,,
1671,97,1,6,4,NA,35,32,1,,,,
1287,1309,1,2,1,NA,35,18,1,,,,
630,541,2,4,1,NA,24,24,1,,,,
1771,2042,2,6,2,NA,16,14,1,,,,
1157,46,1,2,2,NA,35,18,1,,,,
652,46,2,4,2,NA,20,18,1,,,,
142,492,1,1,66,NA,35,23,1,,,,
628,535,2,4,2,NA,29,30,1,,,,
233,639,2,1,4,NA,7,6,1,,,,
672,639,2,4,4,NA,7,6,1,,,,
2086,8709,2,7,246,NA,37,6,1,,,,
1229,1271,1,2,5,NA,35,30,1,,,,
947,1166,2,4,2,NA,2,5,1,,,,
566,399,1,4,3,NA,35,3,1,,,,
1241,399,1,2,3,NA,35,3,1,,,,
98,430,2,1,2,NA,31,32,1,,,,
1912,2656,2,2,6,NA,23,23,1,,,,
1941,2961,2,2,4,NA,34,31,1,,,,
1344,108,2,4,3,NA,33,33,1,,,,
968,108,2,2,3,NA,33,33,1,,,,
1782,2499,2,6,5,NA,12,15,1,,,,
2172,2499,2,7,5,NA,12,15,1,,,,
2450,2499,2,8,5,NA,12,15,1,,,,
1022,158,2,2,2,NA,30,26,1,,,,
1737,1992,2,6,3,NA,10,8,1,,,,
1939,2958,2,2,115,NA,37,6,1,,,,
1070,152,2,2,2,NA,21,22,1,,,,
1966,1646,2,6,4,NA,26,27,1,,,,
1299,1315,2,2,2,NA,10,8,1,,,,
1566,2425,2,2,3,NA,33,33,1,,,,
1215,212,2,2,6,NA,36,1,1,,,,
1331,104,2,2,1,NA,28,29,1,,,,
1090,162,2,2,4,NA,10,8,1,,,,
1264,172,2,2,5,NA,19,17,1,,,,
2039,4584,2,1,2,NA,25,25,1,,,,
1185,36,1,2,9,NA,36,23,1,,,,
1837,1984,2,6,2,NA,31,32,1,,,,
2375,1984,1,7,2,NA,35,32,1,,,,
2379,1984,1,7,2,NA,35,32,1,,,,
1351,55,1,2,2,NA,35,1,1,,,,
1213,1262,2,2,43,NA,22,20,1,,,,
1078,484,2,2,4,NA,17,19,1,,,,
1882,484,1,4,4,NA,35,6,1,,,,
1883,484,1,4,4,NA,35,6,1,,,,
605,484,1,4,4,NA,35,19,1,,,,
1002,1195,2,2,111,NA,29,30,1,,,,
2415,13833,2,8,2,NA,2,5,1,,,,
713,735,2,4,49,NA,1,1,1,,,,
1489,129,2,2,5,NA,24,24,1,,,,
1488,129,2,4,5,NA,24,24,1,,,,
1487,129,1,1,5,NA,35,24,1,,,,
1468,12,1,4,4,NA,35,24,1,,,,
1677,12,1,6,4,NA,35,24,1,,,,
1386,12,1,2,4,NA,35,24,1,,,,
1437,247,2,2,114,NA,37,23,1,,,,
1438,247,2,4,114,NA,37,32,1,,,,
1470,120,2,2,2,NA,30,26,1,,,,
1388,121,2,2,1,NA,7,6,1,,,,
1040,1209,2,2,117,NA,7,6,1,,,,
1084,1229,2,2,144,NA,19,17,1,,,,
1785,1229,2,6,144,NA,19,17,1,,,,
155,511,1,1,6,NA,35,1,1,,,,
1207,511,1,2,6,NA,35,1,1,,,,
800,939,2,4,2,NA,10,8,1,,,,
1088,939,2,2,2,NA,10,8,1,,,,
283,706,2,1,37,NA,30,26,1,,,,
702,706,2,4,37,NA,30,26,1,,,,
1639,11,1,6,5,NA,35,19,1,,,,
1364,11,1,2,5,NA,35,19,1,,,,
12,313,2,1,34,NA,13,9,1,,,,
526,313,2,4,34,NA,13,9,1,,,,
1091,313,2,2,34,NA,13,9,1,,,,
1367,183,2,4,3,NA,34,31,1,,,,
1830,183,2,6,3,NA,34,31,1,,,,
1368,183,2,2,3,NA,34,31,1,,,,
2281,183,1,7,3,NA,35,31,1,,,,
1271,90,1,2,3,NA,35,29,1,,,,
41,355,1,1,2,NA,35,3,1,,,,
1963,3487,2,1,90,NA,3,3,1,,,,
778,893,2,4,39,NA,31,32,1,,,,
890,1097,2,4,2,NA,24,24,1,,,,
634,549,2,4,3,NA,22,20,1,,,,
1520,2120,2,4,2,NA,32,34,1,,,,
2672,13055,2,8,144,NA,1,1,1,,,,
54,374,2,1,3,NA,28,29,1,,,,
632,545,2,4,2,NA,1,1,1,,,,
700,701,2,4,4,NA,19,17,1,,,,
153,508,2,1,9,NA,17,19,1,,,,
2186,508,2,7,9,NA,17,19,1,,,,
335,776,1,1,90,NA,35,3,1,,,,
428,905,1,1,2,NA,35,1,1,,,,
505,1025,1,1,4,NA,35,14,1,,,,
2002,1025,1,1,4,NA,35,14,1,,,,
431,910,2,1,97,NA,24,24,1,,,,
724,759,2,4,80,NA,1,1,1,,,,
1542,2213,1,4,5,NA,35,27,1,,,,
786,908,2,4,53,NA,31,32,1,,,,
1413,250,2,2,4,NA,22,20,1,,,,
1962,3486,2,1,2,NA,31,32,1,,,,
589,455,1,4,67,NA,35,29,1,,,,
898,1107,2,4,110,NA,31,32,1,,,,
1194,448,1,2,3,NA,35,5,1,,,,
584,448,2,4,3,NA,2,5,1,,,,
1956,326,2,1,2,NA,29,30,1,,,,
403,877,2,1,70,NA,31,32,1,,,,
88,417,2,1,75,NA,30,26,1,,,,
2044,417,2,1,75,NA,30,26,1,,,,
1433,94,1,2,145,NA,35,1,1,,,,
1567,2431,2,2,117,NA,33,33,1,,,,
395,863,2,1,2,NA,11,10,1,,,,
1188,1256,1,2,3,NA,35,26,1,,,,
546,357,1,4,2,NA,35,1,1,,,,
1291,357,1,2,2,NA,35,18,1,,,,
2119,7329,2,7,144,NA,1,1,1,,,,
1301,1316,2,2,5,NA,24,24,1,,,,
1416,91,1,2,3,NA,35,5,1,,,,
1417,91,1,4,3,NA,35,5,1,,,,
1418,91,1,1,3,NA,35,5,1,,,,
658,621,2,4,3,NA,3,3,1,,,,
1316,240,2,2,2,NA,32,34,1,,,,
1408,240,2,1,2,NA,32,34,1,,,,
1409,240,2,4,2,NA,32,34,1,,,,
929,1150,1,4,2,NA,35,32,1,,,,
2528,13967,2,8,3,NA,31,32,1,,,,
1908,1618,1,2,6,NA,35,NA,1,,,,
1510,2111,2,4,5,NA,22,20,1,,,,
793,85,1,4,4,NA,35,8,1,,,,
1257,85,1,2,4,NA,35,8,1,,,,
1661,85,1,6,4,NA,35,8,1,,,,
2268,85,1,7,4,NA,35,8,1,,,,
1322,147,2,2,1,NA,33,33,1,,,,
2648,13222,1,8,196,NA,35,NA,1,,,,
1498,26,1,2,5,NA,35,29,1,,,,
1876,984,1,4,53,NA,35,8,1,,,,
1877,984,1,4,53,NA,35,8,1,,,,
823,984,1,4,53,NA,35,8,1,,,,
1583,1785,2,6,5,NA,3,3,1,,,,
2104,1785,2,7,5,NA,3,3,1,,,,
2079,1246,2,6,5,NA,12,15,1,,,,
1135,1246,2,2,5,NA,12,15,1,,,,
1863,2549,2,4,103,NA,31,32,1,,,,
242,648,2,1,2,NA,8,7,1,,,,
1484,2050,2,4,40,NA,1,1,1,,,,
1426,95,1,2,3,NA,35,3,1,,,,
468,973,1,1,3,NA,35,1,1,,,,
819,973,1,4,3,NA,35,1,1,,,,
1180,973,1,2,3,NA,35,1,1,,,,
504,1024,2,1,2,NA,22,20,1,,,,
244,652,2,1,17,NA,24,24,1,,,,
979,1182,2,2,5,NA,3,3,1,,,,
593,460,1,4,47,NA,35,5,1,,,,
1536,460,1,4,47,NA,35,5,1,,,,
1535,460,1,4,47,NA,35,5,1,,,,
1551,2230,1,4,73,NA,35,6,1,,,,
1280,45,1,2,5,NA,35,19,1,,,,
202,590,2,1,150,NA,20,18,1,,,,
1925,590,2,6,150,NA,20,18,1,,,,
424,901,2,1,2,NA,16,14,1,,,,
783,901,2,4,2,NA,16,14,1,,,,
696,694,1,4,73,NA,35,5,1,,,,
489,1005,2,1,2,NA,26,27,1,,,,
412,886,2,1,29,NA,1,1,1,,,,
2175,9129,2,7,2,NA,12,15,1,,,,
2452,9129,2,8,2,NA,12,15,1,,,,
2455,8815,2,8,2,NA,19,17,1,,,,
1631,819,2,6,6,NA,1,1,1,,,,
361,819,1,1,6,NA,35,29,1,,,,
1810,2514,2,6,5,NA,25,25,1,,,,
207,597,2,1,38,NA,3,3,1,,,,
387,855,2,1,2,NA,16,14,1,,,,
2651,13064,1,8,185,NA,36,39,1,,,,
180,554,2,1,4,NA,20,18,1,,,,
173,542,2,1,17,NA,24,24,1,,,,
738,205,2,4,4,NA,1,1,1,,,,
1616,205,2,6,4,NA,1,1,1,,,,
1285,205,2,2,4,NA,1,1,1,,,,
2123,205,2,7,4,NA,1,1,1,,,,
894,1101,2,4,17,NA,22,20,1,,,,
254,666,2,1,2,NA,7,6,1,,,,
685,666,2,4,2,NA,7,6,1,,,,
1381,793,2,4,5,NA,1,1,1,,,,
1097,793,1,2,5,NA,35,1,1,,,,
2671,12314,2,8,5,NA,16,14,1,,,,
67,391,1,1,3,NA,35,32,1,,,,
564,391,1,4,3,NA,35,32,1,,,,
2289,9562,1,7,144,NA,35,3,1,,,,
870,1070,1,4,67,NA,35,29,1,,,,
1541,2212,1,4,67,NA,35,29,1,,,,
2492,12565,2,8,145,NA,29,30,1,,,,
47,365,1,1,2,NA,35,6,1,,,,
1979,365,1,1,2,NA,35,6,1,,,,
820,975,2,4,2,NA,7,6,1,,,,
1577,1522,2,6,4,NA,3,3,1,,,,
2091,1522,2,7,4,NA,3,3,1,,,,
2402,1522,2,8,4,NA,3,3,1,,,,
1197,692,1,2,1,NA,35,32,1,,,,
695,692,1,4,1,NA,35,32,1,,,,
212,604,1,1,62,NA,35,30,1,,,,
802,87,1,4,5,NA,35,32,1,,,,
1096,87,1,2,5,NA,35,32,1,,,,
1592,87,1,6,5,NA,35,32,1,,,,
1594,1531,2,6,4,NA,2,5,1,,,,
2252,1531,1,7,4,NA,35,5,1,,,,
2590,1531,1,8,4,NA,35,NA,1,,,,
619,512,2,4,134,NA,20,18,1,,,,
1079,512,2,2,134,NA,20,18,1,,,,
1789,512,2,6,134,NA,20,18,1,,,,
2211,7356,2,7,6,NA,3,3,1,,,,
358,810,1,1,67,NA,35,30,1,,,,
452,945,2,1,91,NA,31,32,1,,,,
2027,945,2,1,91,NA,31,32,1,,,,
1387,161,2,4,2,NA,17,19,1,,,,
1077,161,2,2,2,NA,17,19,1,,,,
451,944,1,1,9,NA,36,23,1,,,,
660,623,1,4,73,NA,35,22,1,,,,
542,349,2,4,67,NA,3,3,1,,,,
1236,1276,1,2,144,NA,35,32,1,,,,
1244,1280,2,2,5,NA,11,10,1,,,,
2085,7616,2,7,2,NA,4,2,1,,,,
328,766,1,1,52,NA,35,1,1,,,,
1389,114,2,1,5,NA,24,24,1,,,,
1390,114,1,4,5,NA,35,24,1,,,,
1392,114,2,2,5,NA,24,24,1,,,,
1119,1239,2,2,7,NA,15,12,1,,,,
57,377,2,1,150,NA,20,18,1,,,,
410,884,2,1,81,NA,8,7,1,,,,
776,884,1,4,81,NA,35,7,1,,,,
167,532,2,1,4,NA,10,8,1,,,,
1540,2211,1,4,4,NA,35,18,1,,,,
518,1039,2,1,2,NA,15,12,1,,,,
1083,1228,2,2,1,NA,19,17,1,,,,
1363,155,2,2,3,NA,28,29,1,,,,
2569,13901,1,8,144,NA,35,32,1,,,,
2237,8639,2,7,5,NA,31,32,1,,,,
1933,2817,2,6,225,NA,37,NA,1,,,,
1752,2489,1,4,162,NA,35,32,1,,,,
1751,2489,1,1,162,NA,35,32,1,,,,
1753,2489,1,2,162,NA,36,11,1,,,,
1354,175,2,4,4,NA,8,7,1,,,,
1355,175,2,2,4,NA,8,7,1,,,,
2291,9464,1,7,144,NA,35,3,1,,,,
2568,9464,1,8,144,NA,35,NA,1,,,,
2138,8580,2,7,5,NA,8,7,1,,,,
354,806,1,1,2,NA,35,5,1,,,,
993,1188,2,2,146,NA,31,32,1,,,,
2235,8637,2,7,5,NA,31,32,1,,,,
2522,8637,2,8,5,NA,31,32,1,,,,
2267,9081,1,7,4,NA,35,14,1,,,,
1792,1609,2,6,4,NA,22,20,1,,,,
449,940,2,1,2,NA,15,12,1,,,,
16,319,1,1,2,NA,35,15,1,,,,
1990,319,1,1,2,NA,35,15,1,,,,
267,680,1,1,4,NA,35,14,1,,,,
1144,680,1,2,4,NA,35,14,1,,,,
689,680,1,4,4,NA,35,14,1,,,,
697,696,2,4,2,NA,25,25,1,,,,
2676,13421,1,8,203,NA,35,NA,1,,,,
2083,9822,2,6,117,NA,7,6,1,,,,
550,361,2,4,3,NA,3,3,1,,,,
1610,2447,1,6,5,NA,35,22,1,,,,
2338,2447,1,7,5,NA,35,22,1,,,,
2627,2447,1,8,5,NA,35,NA,1,,,,
2096,7337,2,7,144,NA,3,3,1,,,,
1669,281,1,6,4,NA,35,31,1,,,,
365,822,2,1,78,NA,12,15,1,,,,
565,397,1,4,37,NA,35,18,1,,,,
474,981,2,1,2,NA,30,26,1,,,,
222,617,2,1,2,NA,7,6,1,,,,
1123,950,2,2,3,NA,14,13,1,,,,
456,950,2,1,3,NA,14,13,1,,,,
805,950,2,4,3,NA,14,13,1,,,,
2550,14341,2,8,185,NA,36,39,1,,,,
216,609,2,1,2,NA,15,12,1,,,,
230,635,2,1,2,NA,14,13,1,,,,
1929,2818,2,6,5,NA,12,15,1,,,,
2173,2818,2,7,5,NA,12,15,1,,,,
949,567,2,4,4,NA,24,24,1,,,,
1030,567,2,2,4,NA,24,24,1,,,,
2166,8598,2,7,5,NA,16,14,1,,,,
311,744,2,1,1,NA,20,18,1,,,,
2300,9462,1,7,144,NA,35,3,1,,,,
327,765,2,1,4,NA,16,14,1,,,,
383,849,2,1,2,NA,34,31,1,,,,
861,1061,1,4,72,NA,35,6,1,,,,
398,869,2,1,2,NA,1,1,1,,,,
558,382,2,4,4,NA,29,30,1,,,,
1739,1663,2,6,4,NA,10,8,1,,,,
238,643,1,1,2,NA,35,31,1,,,,
1165,643,1,2,2,NA,35,31,1,,,,
675,643,1,4,2,NA,35,31,1,,,,
475,982,1,1,4,NA,35,3,1,,,,
353,805,2,1,144,NA,34,31,1,,,,
1827,2522,2,6,2,NA,34,31,1,,,,
96,428,2,1,4,NA,20,18,1,,,,
2669,14127,2,8,203,NA,2,5,1,,,,
338,779,2,1,2,NA,15,12,1,,,,
2664,12771,2,8,203,NA,1,1,1,,,,
2673,14121,2,8,203,NA,2,5,1,,,,
2182,9724,2,7,5,NA,20,18,1,,,,
388,856,2,1,2,NA,19,17,1,,,,
1528,856,2,4,2,NA,19,17,1,,,,
1558,2259,1,4,43,NA,35,20,1,,,,
572,423,2,4,2,NA,5,4,1,,,,
84,413,2,1,2,NA,1,1,1,,,,
1812,1647,2,6,4,NA,26,27,1,,,,
735,792,2,4,5,NA,1,1,1,,,,
1968,792,2,6,5,NA,1,1,1,,,,
806,952,2,4,45,NA,12,15,1,,,,
1860,952,2,4,45,NA,12,15,1,,,,
1497,25,1,4,2,NA,35,3,1,,,,
1496,25,1,1,2,NA,35,3,1,,,,
1325,25,1,2,2,NA,35,1,1,,,,
1680,25,1,6,2,NA,35,3,1,,,,
1326,163,2,2,2,NA,27,28,1,,,,
126,469,2,1,4,NA,8,7,1,,,,
943,1161,2,4,1,NA,28,29,1,,,,
953,1305,2,4,2,NA,16,14,1,,,,
437,917,2,1,98,NA,5,4,1,,,,
1614,933,1,6,5,NA,35,27,1,,,,
797,933,2,4,5,NA,26,27,1,,,,
1214,933,2,2,5,NA,26,27,1,,,,
2345,933,1,7,5,NA,35,27,1,,,,
2628,13936,1,8,146,NA,35,NA,1,,,,
2127,7354,2,7,10,NA,1,1,1,,,,
2643,7354,1,8,10,NA,35,NA,1,,,,
103,435,2,1,4,NA,3,3,1,,,,
226,629,2,1,38,NA,3,3,1,,,,
2412,13937,2,8,3,NA,2,5,1,,,,
2221,7480,2,7,145,NA,28,29,1,,,,
2065,1970,2,6,2,NA,28,29,1,,,,
2365,1970,2,7,2,NA,28,29,1,,,,
2603,1970,1,8,2,NA,35,NA,1,,,,
2500,12982,2,8,5,NA,33,33,1,,,,
2429,12301,2,8,144,NA,11,10,1,,,,
2273,8355,1,7,146,NA,35,10,1,,,,
2504,12903,2,8,4,NA,7,6,1,,,,
35,344,1,1,2,NA,35,29,1,,,,
264,678,1,1,144,NA,35,24,1,,,,
687,678,1,4,144,NA,35,24,1,,,,
1982,678,1,1,144,NA,35,24,1,,,,
507,1027,2,1,4,NA,31,32,1,,,,
2029,1027,2,1,4,NA,31,32,1,,,,
1486,2043,2,1,23,NA,23,23,1,,,,
817,971,2,4,3,NA,11,10,1,,,,
301,731,1,1,2,NA,35,1,1,,,,
2315,731,1,7,2,NA,35,1,1,,,,
2486,12376,2,8,144,NA,26,27,1,,,,
815,968,2,4,7,NA,3,3,1,,,,
1233,968,1,2,7,NA,35,3,1,,,,
1410,256,2,2,5,NA,34,31,1,,,,
1923,256,2,6,5,NA,34,31,1,,,,
2232,256,2,7,5,NA,34,31,1,,,,
2496,256,2,8,5,NA,34,31,1,,,,
72,398,2,1,4,NA,23,23,1,,,,
954,398,2,4,4,NA,23,23,1,,,,
1801,398,2,6,4,NA,23,23,1,,,,
2199,398,2,7,4,NA,23,23,1,,,,
1036,398,2,2,4,NA,23,23,1,,,,
10,311,1,1,4,NA,35,24,1,,,,
941,311,2,4,4,NA,24,24,1,,,,
1834,2530,2,6,3,NA,32,34,1,,,,
101,433,2,1,100,NA,1,1,1,,,,
32,339,2,1,7,NA,15,12,1,,,,
536,339,1,4,7,NA,35,13,1,,,,
1177,339,1,2,7,NA,35,12,1,,,,
2249,7852,2,7,2,NA,33,33,1,,,,
2542,13594,2,8,3,NA,1,1,1,,,,
162,522,2,1,4,NA,22,20,1,,,,
2053,522,2,1,4,NA,22,20,1,,,,
732,201,2,4,131,NA,18,16,1,,,,
1086,201,2,2,131,NA,18,16,1,,,,
154,509,1,1,4,NA,35,29,1,,,,
617,509,1,4,4,NA,35,29,1,,,,
312,745,2,1,2,NA,12,15,1,,,,
1819,1133,2,6,2,NA,27,28,1,,,,
918,1133,2,4,2,NA,27,28,1,,,,
2219,1133,2,7,2,NA,27,28,1,,,,
1928,2819,2,6,147,NA,36,NA,1,,,,
1473,123,2,2,2,NA,12,15,1,,,,
1776,123,2,6,2,NA,12,15,1,,,,
2444,12287,2,8,2,NA,16,14,1,,,,
90,419,2,1,2,NA,26,27,1,,,,
1064,1222,2,2,2,NA,8,7,1,,,,
318,751,1,1,2,NA,35,32,1,,,,
1735,2479,2,6,3,NA,8,7,1,,,,
2485,12395,2,8,2,NA,26,27,1,,,,
2105,7618,2,7,2,NA,5,4,1,,,,
633,547,2,4,68,NA,27,28,1,,,,
1818,547,2,6,68,NA,27,28,1,,,,
1014,547,2,2,68,NA,27,28,1,,,,
2220,547,2,7,68,NA,27,28,1,,,,
2121,7315,2,7,144,NA,1,1,1,,,,
2530,7315,2,8,144,NA,1,1,1,,,,
458,956,1,1,2,NA,35,32,1,,,,
810,956,1,4,2,NA,35,32,1,,,,
1429,254,2,2,2,NA,39,36,1,,,,
307,739,2,1,56,NA,1,1,1,,,,
2310,8474,1,7,2,NA,35,30,1,,,,
2378,12237,2,7,165,NA,37,13,1,,,,
396,864,2,1,2,NA,34,31,1,,,,
1607,106,2,6,5,NA,2,5,1,,,,
2325,106,1,7,5,NA,35,5,1,,,,
1335,106,2,2,5,NA,2,5,1,,,,
2626,106,1,8,5,NA,35,NA,1,,,,
100,432,2,1,2,NA,3,3,1,,,,
1293,285,1,2,2,NA,35,27,1,,,,
2234,9428,2,7,144,NA,34,31,1,,,,
532,324,2,4,144,NA,2,5,1,,,,
2326,324,1,7,144,NA,35,3,1,,,,
2189,8510,1,7,185,NA,36,39,1,,,,
2421,1560,2,8,144,NA,8,7,1,,,,
1996,4448,1,1,4,NA,35,18,1,,,,
169,536,1,1,62,NA,35,30,1,,,,
1997,536,1,1,62,NA,35,30,1,,,,
2160,8930,2,7,3,NA,15,12,1,,,,
2438,8930,2,8,3,NA,15,12,1,,,,
1384,13,2,4,5,NA,1,1,1,,,,
1598,13,1,6,5,NA,35,1,1,,,,
1385,13,1,2,5,NA,35,5,1,,,,
2328,13,1,7,5,NA,35,1,1,,,,
2623,13,1,8,5,NA,35,NA,1,,,,
1917,2012,1,6,11,NA,36,11,1,,,,
2188,2012,1,7,11,NA,36,39,1,,,,
1832,127,2,6,2,NA,31,32,1,,,,
1476,127,2,2,2,NA,31,32,1,,,,
2239,127,2,7,2,NA,31,32,1,,,,
733,790,1,4,53,NA,35,1,1,,,,
1023,1205,2,2,5,NA,30,26,1,,,,
411,885,2,1,99,NA,1,1,1,,,,
349,796,1,1,69,NA,35,1,1,,,,
1790,2080,2,6,2,NA,17,19,1,,,,
2149,7677,2,7,2,NA,13,9,1,,,,
2427,7677,2,8,2,NA,13,9,1,,,,
789,920,1,4,3,NA,35,15,1,,,,
2087,8708,2,7,246,NA,37,32,1,,,,
2122,7316,2,7,144,NA,1,1,1,,,,
2531,7316,2,8,144,NA,1,1,1,,,,
1118,196,2,2,5,NA,9,11,1,,,,
1764,196,2,6,5,NA,9,11,1,,,,
2097,7336,2,7,144,NA,3,3,1,,,,
1539,2210,2,1,5,NA,23,23,1,,,,
2043,2210,2,1,5,NA,23,23,1,,,,
2042,2210,2,1,5,NA,23,23,1,,,,
2157,8595,2,7,5,NA,15,12,1,,,,
2436,8595,2,8,5,NA,15,12,1,,,,
1817,2263,2,6,144,NA,30,26,1,,,,
501,1019,2,1,6,NA,34,31,1,,,,
838,1019,2,4,6,NA,34,31,1,,,,
2056,1019,2,1,6,NA,34,31,1,,,,
165,530,1,1,2,NA,35,6,1,,,,
1251,22,1,2,5,NA,35,27,1,,,,
1787,1635,2,6,4,NA,20,18,1,,,,
543,7,2,4,5,NA,30,26,1,,,,
1226,7,1,2,5,NA,35,26,1,,,,
442,926,1,1,2,NA,35,14,1,,,,
1826,2521,2,6,117,NA,28,29,1,,,,
549,359,2,4,53,NA,31,32,1,,,,
1814,2515,2,6,5,NA,26,27,1,,,,
2215,2515,2,7,5,NA,26,27,1,,,,
1400,194,2,2,2,NA,1,1,1,,,,
196,579,1,1,4,NA,35,18,1,,,,
741,803,1,4,53,NA,35,20,1,,,,
714,60,1,4,10,NA,35,1,1,,,,
1170,60,1,2,10,NA,35,1,1,,,,
1726,60,1,6,10,NA,35,1,1,,,,
1571,1952,2,6,2,NA,3,3,1,,,,
1225,608,1,2,5,NA,35,1,1,,,,
1463,608,2,4,5,NA,1,1,1,,,,
2547,13638,2,8,4,NA,1,1,1,,,,
127,471,1,1,83,NA,35,1,1,,,,
2660,13507,2,8,203,NA,3,3,1,,,,
429,906,1,1,2,NA,35,15,1,,,,
784,906,1,4,2,NA,35,15,1,,,,
1178,906,1,2,2,NA,35,15,1,,,,
1688,906,1,6,2,NA,35,15,1,,,,
2314,7652,1,7,2,NA,35,3,1,,,,
87,416,2,1,2,NA,7,6,1,,,,
2472,14067,2,8,5,NA,23,23,1,,,,
828,993,2,4,2,NA,29,30,1,,,,
1976,909,1,1,176,NA,35,32,1,,,,
430,909,1,1,176,NA,35,32,1,,,,
444,931,2,1,2,NA,11,10,1,,,,
1458,1856,1,2,8,NA,35,24,1,,,,
1641,113,2,6,5,NA,1,1,1,,,,
1048,113,2,2,5,NA,1,1,1,,,,
768,866,1,4,2,NA,35,27,1,,,,
397,866,1,1,2,NA,35,27,1,,,,
636,555,2,4,85,NA,24,24,1,,,,
329,769,2,1,78,NA,12,15,1,,,,
2272,8827,1,7,146,NA,35,32,1,,,,
1786,1640,2,6,4,NA,20,18,1,,,,
1330,234,1,4,5,NA,35,8,1,,,,
1445,234,2,2,5,NA,14,13,1,,,,
2214,2109,2,7,2,NA,30,26,1,,,,
2481,2109,2,8,2,NA,30,26,1,,,,
3,303,2,1,196,NA,1,1,1,,,,
2041,303,2,1,196,NA,1,1,1,,,,
2546,303,2,8,196,NA,1,1,1,,,,
269,683,2,1,1,NA,20,18,1,,,,
2369,9252,2,7,145,NA,23,23,1,,,,
1973,2110,1,1,2,NA,35,19,1,,,,
1509,2110,1,1,2,NA,35,19,1,,,,
1635,2450,2,6,4,NA,1,1,1,,,,
2323,9247,1,7,145,NA,35,30,1,,,,
182,558,1,1,3,NA,35,5,1,,,,
1985,558,1,1,3,NA,35,5,1,,,,
1984,558,1,1,3,NA,35,5,1,,,,
274,690,2,1,2,NA,34,31,1,,,,
2394,7453,2,8,144,NA,3,3,1,,,,
1309,33,2,4,4,NA,23,23,1,,,,
1310,33,2,1,4,NA,23,23,1,,,,
1308,33,1,2,4,NA,35,23,1,,,,
1665,33,1,6,4,NA,35,23,1,,,,
2259,33,1,7,4,NA,35,23,1,,,,
2599,33,1,8,4,NA,35,NA,1,,,,
528,317,2,4,4,NA,31,32,1,,,,
2470,14411,2,8,4,NA,23,23,1,,,,
2071,1605,2,6,4,NA,22,20,1,,,,
862,1063,1,4,37,NA,35,18,1,,,,
1198,1257,1,2,4,NA,35,29,1,,,,
1304,580,1,2,4,NA,35,1,1,,,,
1894,580,1,4,4,NA,35,1,1,,,,
1895,580,1,1,4,NA,35,1,1,,,,
2296,9430,1,7,144,NA,35,3,1,,,,
2563,9430,1,8,144,NA,35,8,1,,,,
2193,9193,2,7,145,NA,22,20,1,,,,
2465,9193,2,8,145,NA,22,20,1,,,,
1412,249,2,2,17,NA,22,20,1,,,,
73,400,2,1,4,NA,8,7,1,,,,
2446,14428,2,8,3,NA,12,15,1,,,,
147,500,2,1,2,NA,29,30,1,,,,
1909,2644,1,1,2,NA,35,14,1,,,,
38,350,2,1,4,NA,10,8,1,,,,
1446,107,2,2,2,NA,16,14,1,,,,
1772,107,2,6,2,NA,16,14,1,,,,
2169,107,2,7,2,NA,16,14,1,,,,
2604,107,1,8,2,NA,35,NA,1,,,,
1565,177,2,2,5,NA,10,8,1,,,,
1609,177,1,6,5,NA,35,8,1,,,,
2337,177,1,7,5,NA,35,3,1,,,,
606,485,2,4,4,NA,3,3,1,,,,
1295,919,1,2,5,NA,35,1,1,,,,
1970,919,2,1,5,NA,2,5,1,,,,
1971,919,2,1,5,NA,2,5,1,,,,
1589,970,2,6,5,NA,5,4,1,,,,
467,970,2,1,5,NA,5,4,1,,,,
2106,970,2,7,5,NA,5,4,1,,,,
962,182,2,2,2,NA,3,3,1,,,,
1572,182,2,6,2,NA,3,3,1,,,,
831,1002,1,4,196,NA,35,1,1,,,,
63,387,2,1,17,NA,7,6,1,,,,
561,387,2,4,17,NA,7,6,1,,,,
1875,1092,1,4,2,NA,35,3,1,,,,
885,1092,1,4,2,NA,35,3,1,,,,
2560,9508,1,8,144,NA,35,NA,1,,,,
1803,2508,2,6,3,NA,23,23,1,,,,
2202,2508,2,7,3,NA,23,23,1,,,,
2473,2508,2,8,3,NA,23,23,1,,,,
1732,1561,2,6,4,NA,8,7,1,,,,
2141,1561,2,7,4,NA,8,7,1,,,,
2422,12452,2,8,2,NA,10,8,1,,,,
531,323,2,4,53,NA,24,24,1,,,,
19,323,2,1,53,NA,24,24,1,,,,
2656,13419,1,8,203,NA,35,NA,1,,,,
1016,248,2,2,2,NA,26,27,1,,,,
2191,9122,2,7,2,NA,22,20,1,,,,
2464,9122,2,8,2,NA,22,20,1,,,,
217,49,2,1,3,NA,12,15,1,,,,
1220,49,1,2,3,NA,35,15,1,,,,
654,49,2,4,3,NA,12,15,1,,,,
2246,8361,2,7,146,NA,31,32,1,,,,
2477,8538,2,8,144,NA,24,24,1,,,,
1252,1286,2,2,2,NA,8,7,1,,,,
1006,1197,2,2,1,NA,28,29,1,,,,
30,337,2,1,2,NA,31,32,1,,,,
2064,1720,2,6,4,NA,15,12,1,,,,
1759,2491,2,6,4,NA,11,10,1,,,,
317,750,1,1,2,NA,35,5,1,,,,
719,750,1,4,2,NA,35,5,1,,,,
228,631,1,1,4,NA,35,32,1,,,,
665,631,1,4,4,NA,35,32,1,,,,
510,1031,2,1,29,NA,1,1,1,,,,
1730,2474,2,6,117,NA,7,6,1,,,,
1750,2488,1,2,5,NA,35,30,1,,,,
1749,2488,1,4,5,NA,35,30,1,,,,
1649,997,2,6,5,NA,7,6,1,,,,
484,997,2,1,5,NA,7,6,1,,,,
2036,997,2,1,5,NA,7,6,1,,,,
2346,997,1,7,5,NA,35,6,1,,,,
787,912,1,4,81,NA,35,7,1,,,,
1004,1196,2,2,8,NA,29,30,1,,,,
2510,14284,2,8,2,NA,28,29,1,,,,
2180,7783,2,7,2,NA,19,17,1,,,,
2052,4669,2,1,2,NA,7,6,1,,,,
1469,77,1,4,6,NA,35,1,1,,,,
1713,77,1,6,6,NA,35,8,1,,,,
1204,77,1,2,6,NA,35,1,1,,,,
2351,77,1,7,6,NA,35,1,1,,,,
2637,77,1,8,6,NA,35,NA,1,,,,
2386,14564,2,7,5,NA,32,34,1,,,,
291,718,1,1,3,NA,35,3,1,,,,
707,718,1,4,3,NA,35,3,1,,,,
1582,718,2,6,3,NA,3,3,1,,,,
2102,718,2,7,3,NA,3,3,1,,,,
2403,718,2,8,3,NA,3,3,1,,,,
1452,9,2,1,2,NA,2,5,1,,,,
1451,9,2,4,2,NA,2,5,1,,,,
1689,9,1,6,2,NA,35,5,1,,,,
2304,9,1,7,2,NA,35,5,1,,,,
1450,9,1,2,2,NA,35,5,1,,,,
998,1191,2,2,4,NA,34,31,1,,,,
2449,8118,2,8,144,NA,12,15,1,,,,
967,1173,2,2,117,NA,3,3,1,,,,
2430,12324,2,8,146,NA,11,10,1,,,,
2534,13049,2,8,144,NA,1,1,1,,,,
2454,12587,2,8,5,NA,18,16,1,,,,
1485,2051,2,4,3,NA,12,15,1,,,,
1574,1527,2,6,4,NA,3,3,1,,,,
2264,1527,1,7,4,NA,35,3,1,,,,
2401,1527,2,8,4,NA,3,3,1,,,,
1868,1129,2,4,38,NA,3,3,1,,,,
916,1129,2,4,38,NA,3,3,1,,,,
631,543,2,4,3,NA,3,3,1,,,,
986,543,2,2,3,NA,3,3,1,,,,
1931,2500,2,6,5,NA,18,16,1,,,,
315,748,1,1,4,NA,35,32,1,,,,
717,748,1,4,4,NA,35,32,1,,,,
2533,13054,2,8,144,NA,1,1,1,,,,
2243,8906,2,7,3,NA,31,32,1,,,,
2585,8906,1,8,3,NA,35,32,1,,,,
1994,4447,1,1,2,NA,35,18,1,,,,
1993,4447,1,1,2,NA,35,18,1,,,,
1415,251,2,4,3,NA,1,1,1,,,,
1619,251,2,6,3,NA,1,1,1,,,,
1414,251,2,2,3,NA,1,1,1,,,,
2284,251,1,7,3,NA,35,26,1,,,,
2582,251,1,8,3,NA,35,NA,1,,,,
796,932,1,4,29,NA,35,1,1,,,,
582,446,1,4,5,NA,35,32,1,,,,
2331,446,1,7,5,NA,35,32,1,,,,
2371,446,1,1,5,NA,35,32,1,,,,
1475,125,2,2,5,NA,31,32,1,,,,
1490,20,1,1,4,NA,35,5,1,,,,
1492,20,1,2,4,NA,35,5,1,,,,
1491,20,1,4,4,NA,35,5,1,,,,
1660,20,1,6,4,NA,35,5,1,,,,
2255,20,1,7,4,NA,35,5,1,,,,
2587,20,1,8,4,NA,35,NA,1,,,,
218,611,2,1,4,NA,21,22,1,,,,
1457,165,2,2,4,NA,25,25,1,,,,
2208,165,2,7,4,NA,25,25,1,,,,
2490,12562,2,8,3,NA,29,30,1,,,,
841,1030,2,4,17,NA,22,20,1,,,,
1073,1030,2,2,17,NA,22,20,1,,,,
313,746,1,1,2,NA,35,32,1,,,,
2549,14361,2,8,238,NA,37,38,1,,,,
666,632,1,4,27,NA,35,5,1,,,,
82,411,2,1,4,NA,3,3,1,,,,
1270,1296,2,2,5,NA,5,4,1,,,,
2658,14331,2,8,203,NA,28,29,1,,,,
249,660,1,1,2,NA,35,32,1,,,,
2293,9435,1,7,144,NA,35,3,1,,,,
2565,9435,1,8,144,NA,35,NA,1,,,,
1711,53,1,2,3,NA,35,18,1,,,,
2117,53,2,7,3,NA,1,1,1,,,,
2572,53,1,8,3,NA,35,NA,1,,,,
736,798,2,4,4,NA,31,32,1,,,,
351,798,2,1,4,NA,31,32,1,,,,
973,798,2,2,4,NA,31,32,1,,,,
2366,295,2,7,2,NA,1,1,1,,,,
1515,24,2,4,8,NA,14,13,1,,,,
1517,24,1,2,8,NA,35,13,1,,,,
1855,24,2,4,8,NA,14,13,1,,,,
1578,1526,2,6,4,NA,3,3,1,,,,
2092,7470,2,7,4,NA,3,3,1,,,,
2400,7470,2,8,4,NA,3,3,1,,,,
1126,190,2,2,2,NA,16,14,1,,,,
2502,13871,2,8,3,NA,32,34,1,,,,
1702,2463,1,6,145,NA,35,30,1,,,,
2322,2463,1,7,145,NA,35,30,1,,,,
2271,8223,1,7,146,NA,35,1,1,,,,
488,1004,2,1,2,NA,29,30,1,,,,
2523,13242,2,8,5,NA,31,32,1,,,,
399,871,1,1,105,NA,35,1,1,,,,
2536,13164,2,8,146,NA,1,1,1,,,,
2090,9733,2,7,2,NA,3,3,1,,,,
2605,9733,1,8,2,NA,35,NA,1,,,,
2480,14395,2,8,4,NA,25,25,1,,,,
1840,2268,2,6,3,NA,31,32,1,,,,
2244,2268,2,7,3,NA,31,32,1,,,,
2575,2268,1,8,3,NA,35,NA,1,,,,
2579,14089,1,8,3,NA,35,NA,1,,,,
2574,14029,1,8,3,NA,35,NA,1,,,,
2428,12276,2,8,144,NA,13,9,1,,,,
1747,2487,2,2,3,NA,7,6,1,,,,
1748,2487,2,4,3,NA,7,6,1,,,,
2353,8391,2,7,3,NA,30,26,1,,,,
1288,57,1,2,2,NA,35,1,1,,,,
963,1170,2,2,2,NA,3,3,1,,,,
2094,1170,2,7,2,NA,3,3,1,,,,
2135,8893,2,7,3,NA,7,6,1,,,,
2506,8893,2,8,3,NA,7,6,1,,,,
135,483,2,1,4,NA,15,12,1,,,,
653,601,1,4,2,NA,35,3,1,,,,
2612,12861,1,8,2,NA,35,NA,1,,,,
1763,1716,2,6,4,NA,9,11,1,,,,
459,957,2,1,2,NA,13,9,1,,,,
161,521,2,1,25,NA,2,5,1,,,,
2050,521,2,1,25,NA,2,5,1,,,,
1104,59,1,2,5,NA,35,24,1,,,,
1618,59,1,6,5,NA,35,24,1,,,,
1471,59,2,1,5,NA,24,24,1,,,,
2339,59,1,7,5,NA,35,24,1,,,,
20,325,1,1,2,NA,35,14,1,,,,
2559,13852,1,8,144,NA,35,NA,1,,,,
728,768,2,4,3,NA,3,3,1,,,,
988,768,2,2,3,NA,3,3,1,,,,
1514,18,1,2,5,NA,35,10,1,,,,
2356,8785,2,7,145,NA,29,30,1,,,,
772,873,1,4,4,NA,35,24,1,,,,
1926,873,2,6,4,NA,24,NA,1,,,,
1027,873,2,2,4,NA,24,24,1,,,,
1902,873,1,4,4,NA,35,24,1,,,,
1903,873,1,4,4,NA,35,24,1,,,,
2203,873,2,7,4,NA,24,24,1,,,,
2475,873,2,8,4,NA,24,24,1,,,,
1767,2494,2,6,5,NA,15,12,1,,,,
2335,2494,1,7,5,NA,35,12,1,,,,
2621,2494,1,8,5,NA,35,NA,1,,,,
1532,801,2,4,2,NA,22,20,1,,,,
2077,801,2,4,2,NA,22,20,1,,,,
206,596,2,1,2,NA,3,3,1,,,,
1849,322,2,4,2,NA,1,1,1,,,,
18,322,2,1,2,NA,1,1,1,,,,
239,644,2,1,5,NA,16,14,1,,,,
1108,644,1,2,5,NA,35,14,1,,,,
676,644,2,4,5,NA,16,14,1,,,,
2288,9550,1,7,144,NA,35,3,1,,,,
364,821,2,1,2,NA,28,29,1,,,,
2023,821,2,1,2,NA,28,29,1,,,,
961,1168,2,2,5,NA,4,2,1,,,,
1219,1266,2,2,12,NA,38,29,1,,,,
2080,1266,1,6,12,NA,35,7,1,,,,
1879,876,1,4,11,NA,36,1,1,,,,
402,876,1,1,11,NA,36,1,1,,,,
2251,7854,2,7,2,NA,32,34,1,,,,
2360,8707,2,7,246,NA,37,19,1,,,,
2295,9481,1,7,144,NA,35,3,1,,,,
2554,9481,1,8,144,NA,35,NA,1,,,,
1664,244,1,6,4,NA,35,1,1,,,,
1447,244,2,1,4,NA,1,1,1,,,,
1448,244,2,4,4,NA,1,1,1,,,,
2270,244,1,7,4,NA,35,15,1,,,,
1328,244,2,2,4,NA,1,1,1,,,,
393,860,2,1,79,NA,1,1,1,,,,
1927,2813,2,6,4,NA,24,NA,1,,,,
378,841,1,1,2,NA,35,26,1,,,,
1569,1956,2,6,2,NA,3,3,1,,,,
2095,1956,2,7,2,NA,3,3,1,,,,
2399,1956,2,8,2,NA,3,3,1,,,,
1143,1248,1,2,4,NA,35,3,1,,,,
2342,9738,1,7,5,NA,35,5,1,,,,
2619,9738,1,8,5,NA,35,NA,1,,,,
1421,148,2,2,145,NA,29,30,1,,,,
1922,148,2,6,145,NA,29,30,1,,,,
900,1109,2,4,90,NA,28,29,1,,,,
641,565,1,4,2,NA,35,3,1,,,,
1162,565,1,2,2,NA,35,3,1,,,,
187,565,2,1,2,NA,3,3,1,,,,
454,947,1,1,4,NA,35,7,1,,,,
803,947,2,4,4,NA,8,7,1,,,,
1611,1971,2,6,2,NA,1,1,1,,,,
2197,8617,2,7,5,NA,21,22,1,,,,
1813,1202,2,6,4,NA,26,27,1,,,,
1020,1202,2,2,4,NA,26,27,1,,,,
2387,1202,2,7,4,NA,26,27,1,,,,
92,422,2,1,5,NA,8,7,1,,,,
2241,8196,2,7,4,NA,31,32,1,,,,
1430,93,1,2,4,NA,35,3,1,,,,
1431,93,1,4,4,NA,35,3,1,,,,
1432,93,2,1,4,NA,3,3,1,,,,
1638,134,2,6,5,NA,1,1,1,,,,
1499,134,2,2,5,NA,1,1,1,,,,
2317,7646,1,7,2,NA,35,29,1,,,,
1871,146,2,4,2,NA,29,30,1,,,,
1872,146,2,4,2,NA,29,30,1,,,,
1873,146,2,4,2,NA,29,30,1,,,,
1313,146,2,4,2,NA,29,30,1,,,,
1312,146,2,2,2,NA,29,30,1,,,,
1353,178,2,2,2,NA,9,11,1,,,,
304,734,1,1,4,NA,35,1,1,,,,
712,734,1,4,4,NA,35,1,1,,,,
615,505,2,4,2,NA,3,3,1,,,,
150,505,2,1,2,NA,3,3,1,,,,
1695,505,1,2,2,NA,35,3,1,,,,
2060,505,1,6,2,NA,35,3,1,,,,
2308,505,1,7,2,NA,35,3,1,,,,
1723,1819,1,6,146,NA,35,12,1,,,,
2224,7430,2,7,144,NA,28,29,1,,,,
538,343,2,4,4,NA,31,32,1,,,,
1253,343,2,2,4,NA,31,32,1,,,,
427,904,2,1,5,NA,14,13,1,,,,
1122,904,2,2,5,NA,14,13,1,,,,
848,1045,1,4,2,NA,35,3,1,,,,
1884,1045,1,4,2,NA,35,3,1,,,,
2425,1880,2,8,3,NA,10,8,1,,,,
2497,12433,2,8,3,NA,34,31,1,,,,
1831,2523,2,6,5,NA,34,31,1,,,,
2231,2523,2,7,5,NA,34,31,1,,,,
1300,140,2,2,3,NA,18,16,1,,,,
1783,140,2,6,3,NA,18,16,1,,,,
2178,140,2,7,3,NA,18,16,1,,,,
2453,140,2,8,3,NA,18,16,1,,,,
1467,117,2,2,5,NA,32,34,1,,,,
944,214,2,4,3,NA,8,7,1,,,,
1062,214,2,2,3,NA,8,7,1,,,,
1733,214,2,6,3,NA,8,7,1,,,,
2419,214,2,8,3,NA,8,7,1,,,,
1964,3488,2,1,47,NA,2,5,1,,,,
762,847,1,4,37,NA,35,3,1,,,,
2388,12605,2,8,144,NA,4,2,1,,,,
2151,7683,2,7,2,NA,11,10,1,,,,
1503,135,2,2,5,NA,5,4,1,,,,
874,1077,1,4,5,NA,35,27,1,,,,
408,882,2,1,61,NA,7,6,1,,,,
1580,2031,2,6,4,NA,3,3,1,,,,
909,1121,2,4,2,NA,25,25,1,,,,
208,598,1,1,76,NA,35,29,1,,,,
830,999,2,4,4,NA,28,29,1,,,,
1150,999,1,2,4,NA,35,29,1,,,,
24,329,1,1,5,NA,35,1,1,,,,
1906,329,1,4,5,NA,35,1,1,,,,
1586,2439,2,6,5,NA,3,3,1,,,,
2103,2439,2,7,5,NA,3,3,1,,,,
2618,2439,1,8,5,NA,35,NA,1,,,,
1829,2127,2,6,4,NA,34,31,1,,,,
2070,5479,2,6,5,NA,9,11,1,,,,
2156,5479,2,7,5,NA,9,11,1,,,,
2433,5479,2,8,5,NA,9,11,1,,,,
1846,2538,2,6,3,NA,31,32,1,,,,
433,913,2,1,2,NA,28,29,1,,,,
1807,1622,2,6,4,NA,24,24,1,,,,
2204,1622,2,7,4,NA,24,24,1,,,,
2596,1622,1,8,4,NA,35,NA,1,,,,
729,772,2,4,170,NA,37,38,1,,,,
118,457,2,1,2,NA,5,4,1,,,,
1844,1178,2,6,5,NA,31,32,1,,,,
2343,1178,1,7,5,NA,35,32,1,,,,
974,1178,2,2,5,NA,31,32,1,,,,
2615,1178,1,8,5,NA,35,NA,1,,,,
2655,13418,1,8,203,NA,35,NA,1,,,,
829,998,1,4,45,NA,35,11,1,,,,
965,1172,2,2,3,NA,3,3,1,,,,
2674,1172,2,8,3,NA,3,3,1,,,,
117,453,2,1,4,NA,12,15,1,,,,
1777,453,2,6,4,NA,12,15,1,,,,
2174,453,2,7,4,NA,12,15,1,,,,
1642,2246,2,6,5,NA,1,1,1,,,,
2129,2246,2,7,5,NA,1,1,1,,,,
2229,8188,2,7,4,NA,34,31,1,,,,
2494,8188,2,8,4,NA,34,31,1,,,,
320,192,2,1,6,NA,1,1,1,,,,
722,192,2,4,6,NA,1,1,1,,,,
1625,192,2,6,6,NA,1,1,1,,,,
1052,192,2,2,6,NA,1,1,1,,,,
2130,192,2,7,6,NA,1,1,1,,,,
2544,192,2,8,6,NA,1,1,1,,,,
1645,2376,1,6,5,NA,35,30,1,,,,
517,1038,2,1,2,NA,11,10,1,,,,
737,66,2,4,4,NA,8,7,1,,,,
1152,66,1,2,4,NA,35,7,1,,,,
352,66,1,1,4,NA,35,7,1,,,,
1667,66,1,6,4,NA,35,7,1,,,,
2009,66,1,1,4,NA,35,7,1,,,,
2266,66,1,7,4,NA,35,7,1,,,,
1918,2238,1,6,2,NA,35,32,1,,,,
2307,2238,1,7,2,NA,35,32,1,,,,
2435,14464,2,8,5,NA,15,12,1,,,,
194,159,2,1,145,NA,28,29,1,,,,
1878,159,1,4,145,NA,35,29,1,,,,
644,159,1,4,145,NA,35,29,1,,,,
1243,159,2,2,145,NA,28,29,1,,,,
2084,159,2,6,145,NA,28,29,1,,,,
121,463,1,1,4,NA,35,23,1,,,,
1974,463,1,1,4,NA,35,23,1,,,,
1512,2114,2,1,2,NA,32,34,1,,,,
2426,12460,2,8,4,NA,10,8,1,,,,
2514,14266,2,8,249,NA,28,29,1,,,,
2100,7335,2,7,144,NA,3,3,1,,,,
2557,7335,1,8,144,NA,35,NA,1,,,,
1606,145,1,6,5,NA,35,14,1,,,,
1307,145,2,2,5,NA,16,14,1,,,,
2332,145,1,7,5,NA,35,14,1,,,,
1570,1947,2,6,2,NA,4,2,1,,,,
2540,12555,2,8,201,NA,1,1,1,,,,
2088,7495,2,7,145,NA,4,2,1,,,,
1762,211,2,6,2,NA,9,11,1,,,,
2154,211,2,7,2,NA,9,11,1,,,,
1116,211,2,2,2,NA,9,11,1,,,,
2432,211,2,8,2,NA,9,11,1,,,,
2561,13887,1,8,144,NA,35,NA,1,,,,
1584,213,2,6,5,NA,3,3,1,,,,
1345,213,2,2,5,NA,3,3,1,,,,
298,727,2,1,4,NA,3,3,1,,,,
1798,2083,2,6,2,NA,21,22,1,,,,
2373,2083,1,1,2,NA,35,7,1,,,,
1323,157,2,2,2,NA,31,32,1,,,,
1324,157,2,4,2,NA,31,32,1,,,,
1722,1804,1,6,146,NA,35,7,1,,,,
2630,1804,1,8,146,NA,35,NA,1,,,,
2638,13570,1,8,6,NA,35,NA,1,,,,
1718,668,1,6,6,NA,35,32,1,,,,
1209,668,1,2,6,NA,35,32,1,,,,
1333,668,2,4,6,NA,31,32,1,,,,
2349,668,1,7,6,NA,35,32,1,,,,
2639,668,1,8,6,NA,35,NA,1,,,,
2210,7799,2,7,2,NA,25,25,1,,,,
434,914,1,1,2,NA,35,31,1,,,,
788,914,2,4,2,NA,34,31,1,,,,
994,914,2,2,2,NA,34,31,1,,,,
1692,914,1,6,2,NA,35,31,1,,,,
1999,914,1,1,2,NA,35,31,1,,,,
2358,914,1,7,2,NA,35,31,1,,,,
2602,13042,1,8,2,NA,35,NA,1,,,,
2567,13873,1,8,144,NA,35,NA,1,,,,
2649,9169,1,8,196,NA,35,NA,1,,,,
2647,14552,1,8,201,NA,35,NA,1,,,,
1179,934,1,2,7,NA,35,3,1,,,,
798,934,2,4,7,NA,3,3,1,,,,
2620,13436,1,8,5,NA,35,NA,1,,,,
2653,13420,1,8,203,NA,35,NA,1,,,,
114,447,1,1,3,NA,35,5,1,,,,
1706,447,1,6,3,NA,35,5,1,,,,
583,447,1,4,3,NA,35,5,1,,,,
1250,260,2,2,3,NA,3,3,1,,,,
220,615,2,1,2,NA,1,1,1,,,,
1724,1805,1,6,12,NA,35,1,1,,,,
623,519,2,4,5,NA,23,23,1,,,,
1621,519,1,6,5,NA,35,23,1,,,,
1115,519,1,2,5,NA,35,23,1,,,,
2333,519,1,7,5,NA,35,23,1,,,,
229,633,1,1,4,NA,35,8,1,,,,
1938,633,2,4,4,NA,10,8,1,,,,
2466,13770,2,8,5,NA,22,20,1,,,,
2657,12827,2,8,203,NA,31,32,1,,,,
2513,14320,2,8,144,NA,28,29,1,,,,
441,925,2,1,3,NA,31,32,1,,,,
2635,13946,1,8,146,NA,35,NA,1,,,,
2163,7554,2,7,10,NA,39,36,1,,,,
2642,7554,1,8,10,NA,35,NA,1,,,,
236,641,2,1,2,NA,5,4,1,,,,
674,641,2,4,2,NA,5,4,1,,,,
1401,296,2,2,6,NA,23,23,1,,,,
1622,1894,2,6,12,NA,1,1,1,,,,
2139,8579,2,7,5,NA,8,7,1,,,,
2416,12705,2,8,146,NA,8,7,1,,,,
116,451,1,1,4,NA,35,24,1,,,,
586,451,1,4,4,NA,35,24,1,,,,
2200,7794,2,7,2,NA,23,23,1,,,,
2143,9495,2,7,144,NA,8,7,1,,,,
2556,9495,1,8,144,NA,35,NA,1,,,,
2509,14282,2,8,2,NA,28,29,1,,,,
873,1076,1,4,68,NA,35,23,1,,,,
2404,13150,2,8,146,NA,3,3,1,,,,
650,591,1,4,2,NA,35,15,1,,,,
2518,14355,2,8,2,NA,31,32,1,,,,
336,777,2,1,75,NA,30,26,1,,,,
519,817,1,1,3,NA,35,20,1,,,,
950,817,1,4,3,NA,35,20,1,,,,
1223,817,1,2,3,NA,35,20,1,,,,
2442,12312,2,8,5,NA,16,14,1,,,,
2362,8775,2,7,10,NA,39,36,1,,,,
2076,6099,2,6,5,NA,29,30,1,,,,
2228,6099,2,7,5,NA,29,30,1,,,,
1740,2483,2,6,5,NA,10,8,1,,,,
2216,8177,2,7,4,NA,26,27,1,,,,
271,686,1,1,2,NA,35,23,1,,,,
692,686,1,4,2,NA,35,23,1,,,,
2062,4993,1,6,145,NA,35,29,1,,,,
2324,4993,1,7,145,NA,35,29,1,,,,
2468,12538,2,8,2,NA,21,22,1,,,,
9,310,1,1,4,NA,35,23,1,,,,
524,310,1,4,4,NA,35,23,1,,,,
1719,48,1,6,146,NA,35,1,1,,,,
1212,48,1,2,146,NA,35,1,1,,,,
2677,48,1,8,146,NA,35,NA,1,,,,
2598,12921,1,8,4,NA,35,NA,1,,,,
97,429,1,1,4,NA,35,29,1,,,,
574,429,1,4,4,NA,35,29,1,,,,
2148,9533,2,7,144,NA,10,8,1,,,,
1696,2458,1,6,117,NA,35,32,1,,,,
1636,1200,1,6,5,NA,35,5,1,,,,
1015,1200,2,2,5,NA,2,5,1,,,,
2652,8734,1,8,9,NA,36,39,1,,,,
111,444,1,1,74,NA,35,24,1,,,,
2476,12994,2,8,3,NA,24,24,1,,,,
2294,9488,1,7,144,NA,35,3,1,,,,
2552,9488,1,8,144,NA,35,NA,1,,,,
40,352,1,1,144,NA,35,5,1,,,,
1534,352,1,4,144,NA,35,5,1,,,,
1561,352,1,4,144,NA,35,5,1,,,,
1983,352,1,1,144,NA,35,5,1,,,,
548,10,1,4,6,NA,35,1,1,,,,
1210,10,1,2,6,NA,35,32,1,,,,
1715,10,1,6,6,NA,35,32,1,,,,
2408,12666,2,8,144,NA,5,4,1,,,,
213,605,2,1,4,NA,3,3,1,,,,
1633,2449,2,6,4,NA,1,1,1,,,,
2499,12996,2,8,2,NA,33,33,1,,,,
495,1012,2,1,2,NA,34,31,1,,,,
659,622,2,4,2,NA,2,5,1,,,,
559,383,2,4,2,NA,4,2,1,,,,
571,420,2,4,4,NA,8,7,1,,,,
1568,1167,2,6,3,NA,4,2,1,,,,
960,1167,2,2,3,NA,4,2,1,,,,
1511,2112,2,4,2,NA,17,19,1,,,,
611,497,1,4,2,NA,35,5,1,,,,
2650,13223,1,8,196,NA,35,NA,1,,,,
840,1022,1,4,5,NA,35,8,1,,,,
347,794,2,1,2,NA,31,32,1,,,,
2389,12648,2,8,5,NA,4,2,1,,,,
562,116,2,4,5,NA,16,14,1,,,,
1615,116,1,6,5,NA,35,14,1,,,,
1124,116,2,2,5,NA,16,14,1,,,,
2329,116,1,7,5,NA,35,14,1,,,,
1294,89,1,2,145,NA,35,1,1,,,,
2099,7338,2,7,144,NA,3,3,1,,,,
2396,7338,2,8,144,NA,3,3,1,,,,
770,868,2,4,2,NA,8,7,1,,,,
1775,2498,2,6,5,NA,16,14,1,,,,
1710,74,1,6,3,NA,35,15,1,,,,
1192,74,1,2,3,NA,35,15,1,,,,
389,74,2,1,3,NA,12,15,1,,,,
1880,74,1,4,3,NA,35,15,1,,,,
2283,74,1,7,3,NA,35,15,1,,,,
260,674,1,1,2,NA,35,1,1,,,,
2245,9538,2,7,144,NA,31,32,1,,,,
2290,9482,1,7,144,NA,35,3,1,,,,
1303,1268,1,2,6,NA,35,31,1,,,,
1637,122,2,6,5,NA,1,1,1,,,,
1050,122,2,2,5,NA,1,1,1,,,,
2330,122,1,7,5,NA,35,1,1,,,,
305,736,2,1,2,NA,12,15,1,,,,
48,366,2,1,4,NA,21,22,1,,,,
551,366,2,4,4,NA,21,22,1,,,,
36,345,2,1,2,NA,1,1,1,,,,
1623,2448,2,6,248,NA,1,1,1,,,,
2116,2448,2,7,248,NA,1,1,1,,,,
2662,2448,2,8,248,NA,1,NA,1,,,,
80,408,1,1,106,NA,35,15,1,,,,
500,1018,2,1,38,NA,3,3,1,,,,
743,207,2,4,5,NA,21,22,1,,,,
1071,207,2,2,5,NA,21,22,1,,,,
355,207,2,1,5,NA,21,22,1,,,,
1761,2039,2,6,2,NA,9,11,1,,,,
2153,2039,2,7,2,NA,9,11,1,,,,
2431,2039,2,8,2,NA,9,11,1,,,,
1683,2233,1,6,2,NA,35,3,1,,,,
2316,2233,1,7,2,NA,35,3,1,,,,
2136,7648,2,7,2,NA,7,6,1,,,,
2507,7648,2,8,2,NA,7,6,1,,,,
1679,38,1,6,2,NA,35,1,1,,,,
1329,38,1,2,2,NA,35,29,1,,,,
2311,38,1,7,2,NA,35,1,1,,,,
992,1187,2,2,6,NA,3,3,1,,,,
2553,14551,1,8,144,NA,35,NA,1,,,,
356,808,1,1,122,NA,35,23,1,,,,
27,333,2,1,11,NA,18,16,1,,,,
94,425,1,1,2,NA,35,29,1,,,,
25,330,1,1,105,NA,35,1,1,,,,
132,478,2,1,2,NA,15,12,1,,,,
1945,478,2,1,2,NA,15,12,1,,,,
2049,478,2,1,2,NA,15,12,1,,,,
1505,136,2,4,5,NA,2,5,1,,,,
1604,136,2,6,5,NA,2,5,1,,,,
2107,136,2,7,5,NA,2,5,1,,,,
1504,136,2,2,5,NA,2,5,1,,,,
2155,8183,2,7,146,NA,9,11,1,,,,
1920,2600,1,6,5,NA,35,5,1,,,,
1907,2600,1,2,5,NA,35,5,1,,,,
2341,2600,1,7,5,NA,35,5,1,,,,
2617,2600,1,8,5,NA,35,NA,1,,,,
2247,8112,2,7,10,NA,31,32,1,,,,
1643,206,2,6,4,NA,7,6,1,,,,
1424,206,2,2,4,NA,7,6,1,,,,
2137,206,2,7,4,NA,7,6,1,,,,
1721,1803,1,6,12,NA,35,1,1,,,,
791,922,2,4,5,NA,13,9,1,,,,
1092,922,2,2,5,NA,13,9,1,,,,
1758,922,2,6,5,NA,13,9,1,,,,
1674,1456,1,6,4,NA,35,27,1,,,,
2263,1456,1,7,4,NA,35,27,1,,,,
2591,1456,1,8,4,NA,35,NA,1,,,,
50,368,1,1,2,NA,35,8,1,,,,
552,368,1,4,2,NA,35,8,1,,,,
1160,368,1,2,2,NA,35,8,1,,,,
2233,7839,2,7,2,NA,34,31,1,,,,
2498,7839,2,8,2,NA,34,31,1,,,,
204,593,1,1,2,NA,35,5,1,,,,
2014,593,1,1,2,NA,35,5,1,,,,
2013,593,1,1,2,NA,35,5,1,,,,
1105,814,1,2,5,NA,35,12,1,,,,
1382,814,1,4,5,NA,35,12,1,,,,
1588,2442,2,6,3,NA,5,4,1,,,,
186,563,1,1,2,NA,35,11,1,,,,
703,713,1,4,30,NA,35,27,1,,,,
1167,713,1,2,30,NA,35,27,1,,,,
2126,7696,2,7,2,NA,1,1,1,,,,
879,1083,1,4,4,NA,35,20,1,,,,
2456,12519,2,8,3,NA,19,17,1,,,,
443,927,2,1,2,NA,8,7,1,,,,
1065,927,2,2,2,NA,8,7,1,,,,
794,927,2,4,2,NA,8,7,1,,,,
2161,7767,2,7,2,NA,14,13,1,,,,
2439,7767,2,8,2,NA,14,13,1,,,,
251,662,1,1,2,NA,35,14,1,,,,
684,662,1,4,2,NA,35,14,1,,,,
1153,662,1,2,2,NA,35,14,1,,,,
2124,7694,2,7,2,NA,1,1,1,,,,
2543,7694,2,8,2,NA,1,1,1,,,,
1766,2116,2,6,4,NA,15,12,1,,,,
284,707,2,1,68,NA,23,23,1,,,,
2058,707,2,1,68,NA,23,23,1,,,,
2057,707,2,1,68,NA,23,23,1,,,,
678,647,2,4,2,NA,8,7,1,,,,
140,490,2,1,8,NA,16,14,1,,,,
607,490,1,4,8,NA,35,14,1,,,,
1176,490,1,2,8,NA,35,14,1,,,,
2512,7483,2,8,144,NA,28,29,1,,,,
2445,12290,2,8,4,NA,16,14,1,,,,
1921,2759,2,6,3,NA,7,6,1,,,,
2134,2759,2,7,3,NA,7,6,1,,,,
2505,2759,2,8,3,NA,7,6,1,,,,
1930,2255,2,6,3,NA,29,30,1,,,,
2491,2255,2,8,3,NA,29,30,1,,,,
227,630,1,1,4,NA,35,1,1,,,,
2393,13468,2,8,144,NA,3,3,1,,,,
2286,9417,1,7,144,NA,35,3,1,,,,
2467,12528,2,8,144,NA,21,22,1,,,,
1608,1217,2,6,2,NA,1,1,1,,,,
1055,1217,2,2,2,NA,1,1,1,,,,
2207,8623,2,7,5,NA,24,24,1,,,,
2478,8623,2,8,5,NA,24,24,1,,,,
415,889,2,1,2,NA,34,31,1,,,,
2068,889,2,1,2,NA,34,31,1,,,,
745,811,2,4,248,NA,1,1,1,,,,
359,811,2,1,248,NA,1,1,1,,,,
1203,811,1,2,248,NA,35,1,1,,,,
2661,811,1,8,248,NA,35,NA,1,,,,
983,1184,2,2,110,NA,31,32,1,,,,
448,938,2,1,4,NA,26,27,1,,,,
2026,938,2,1,4,NA,26,27,1,,,,
2108,8567,2,7,5,NA,2,5,1,,,,
2414,8567,2,8,5,NA,2,5,1,,,,
1736,2480,2,6,5,NA,8,7,1,,,,
816,969,2,4,2,NA,30,26,1,,,,
2287,9473,1,7,144,NA,35,3,1,,,,
922,1147,1,4,5,NA,35,32,1,,,,
1675,1486,1,6,4,NA,35,32,1,,,,
1728,1942,1,6,9,NA,36,23,1,,,,
2187,1942,2,7,9,NA,36,39,1,,,,
1076,1226,2,2,5,NA,22,20,1,,,,
1650,1226,1,6,5,NA,35,20,1,,,,
2541,13688,2,8,3,NA,1,1,1,,,,
2406,13285,2,8,6,NA,3,3,1,,,,
2114,7739,2,7,146,NA,1,1,1,,,,
2535,7739,2,8,146,NA,1,1,1,,,,
481,992,1,1,5,NA,35,3,1,,,,
827,992,1,4,5,NA,35,3,1,,,,
1102,992,1,2,5,NA,35,3,1,,,,
463,963,1,1,8,NA,35,3,1,,,,
813,963,1,4,8,NA,35,3,1,,,,
1173,963,1,2,8,NA,35,3,1,,,,
2254,8467,1,7,4,NA,35,6,1,,,,
2597,8467,1,8,4,NA,35,NA,1,,,,
1760,2492,2,6,149,NA,11,10,1,,,,
2152,2492,2,7,149,NA,11,10,1,,,,
2230,8191,2,7,4,NA,34,31,1,,,,
2592,8191,1,8,4,NA,35,NA,1,,,,
1796,2506,2,6,5,NA,21,22,1,,,,
2527,13948,2,8,146,NA,31,32,1,,,,
2634,13943,1,8,146,NA,35,NA,1,,,,
1794,2504,2,6,5,NA,22,20,1,,,,
2194,2504,2,7,5,NA,22,20,1,,,,
1687,41,1,6,2,NA,35,11,1,,,,
1361,41,2,1,2,NA,9,11,1,,,,
1359,41,1,2,2,NA,35,11,1,,,,
1360,41,2,4,2,NA,9,11,1,,,,
1833,2027,2,6,2,NA,33,33,1,,,,
1269,1295,2,2,3,NA,1,1,1,,,,
477,92,2,1,2,NA,9,11,1,,,,
824,92,2,4,2,NA,9,11,1,,,,
1164,92,1,2,2,NA,35,11,1,,,,
1693,92,1,6,2,NA,35,11,1,,,,
2318,92,1,7,2,NA,35,11,1,,,,
2606,92,1,8,2,NA,35,NA,1,,,,
1039,1208,2,2,117,NA,7,6,1,,,,
1697,1208,1,6,117,NA,35,6,1,,,,
2301,9535,1,7,144,NA,35,3,1,,,,
2562,9535,1,8,144,NA,35,NA,1,,,,
876,142,1,4,10,NA,35,1,1,,,,
1624,142,2,6,10,NA,1,1,1,,,,
1342,142,2,2,10,NA,1,1,1,,,,
2381,142,1,7,10,NA,35,1,1,,,,
2503,12891,2,8,4,NA,7,6,1,,,,
1644,2452,1,6,5,NA,35,14,1,,,,
2340,2452,1,7,5,NA,35,14,1,,,,
2573,14038,1,8,3,NA,35,NA,1,,,,
2417,12706,2,8,146,NA,8,7,1,,,,
1266,151,2,2,2,NA,10,8,1,,,,
970,1176,2,2,4,NA,3,3,1,,,,
1652,1176,1,6,4,NA,35,3,1,,,,
1581,2017,2,6,11,NA,3,3,1,,,,
472,978,2,1,2,NA,2,5,1,,,,
1914,978,2,6,2,NA,2,5,1,,,,
2176,9406,2,7,144,NA,12,15,1,,,,
2448,9406,2,8,144,NA,12,15,1,,,,
85,414,2,1,2,NA,1,1,1,,,,
2144,8585,2,7,5,NA,10,8,1,,,,
447,937,2,1,5,NA,28,29,1,,,,
1824,937,2,6,5,NA,28,29,1,,,,
2667,12911,2,8,3,NA,7,6,1,,,,
4,304,1,1,2,NA,35,19,1,,,,
426,903,1,1,4,NA,35,3,1,,,,
1986,903,1,1,4,NA,35,3,1,,,,
1935,2815,2,6,149,NA,37,NA,1,,,,
2226,2815,2,7,149,NA,29,30,1,,,,
2118,7312,2,7,144,NA,1,1,1,,,,
2555,7312,1,8,144,NA,35,NA,1,,,,
1089,331,2,2,2,NA,10,8,1,,,,
534,331,2,4,2,NA,10,8,1,,,,
1276,103,2,2,3,NA,22,20,1,,,,
293,722,2,1,2,NA,20,18,1,,,,
2033,722,2,1,2,NA,20,18,1,,,,
1245,1281,2,2,43,NA,22,20,1,,,,
608,493,2,4,4,NA,31,32,1,,,,
1147,493,1,2,4,NA,35,32,1,,,,
143,493,2,1,4,NA,31,32,1,,,,
1129,656,2,2,4,NA,12,15,1,,,,
683,656,2,4,4,NA,12,15,1,,,,
1778,656,2,6,4,NA,12,15,1,,,,
2451,656,2,8,4,NA,12,15,1,,,,
499,1017,2,1,4,NA,3,3,1,,,,
618,510,2,4,68,NA,15,12,1,,,,
1969,510,2,1,68,NA,15,12,1,,,,
439,921,1,1,2,NA,35,29,1,,,,
790,921,1,4,2,NA,35,29,1,,,,
1166,921,1,2,2,NA,35,29,1,,,,
1472,110,2,2,145,NA,22,20,1,,,,
2063,110,2,6,145,NA,22,20,1,,,,
643,573,1,4,53,NA,35,20,1,,,,
2526,14028,2,8,4,NA,31,32,1,,,,
1808,2513,2,6,5,NA,24,24,1,,,,
541,348,2,4,2,NA,28,29,1,,,,
1821,348,2,6,2,NA,28,29,1,,,,
2078,1625,2,6,4,NA,10,8,1,,,,
290,717,2,1,2,NA,3,3,1,,,,
706,717,2,4,2,NA,3,3,1,,,,
59,379,2,1,4,NA,23,23,1,,,,
1099,1234,1,2,5,NA,35,1,1,,,,
1704,35,1,6,145,NA,35,7,1,,,,
1311,35,1,2,145,NA,35,7,1,,,,
2383,7740,2,7,146,NA,1,1,1,,,,
2355,8908,2,7,3,NA,12,15,1,,,,
2447,8908,2,8,3,NA,12,15,1,,,,
1951,3256,2,6,131,NA,22,20,1,,,,
2132,1460,2,7,5,NA,7,6,1,,,,
2482,13268,2,8,144,NA,30,26,1,,,,
2258,8464,1,7,4,NA,35,32,1,,,,
2298,9486,1,7,144,NA,35,3,1,,,,
511,1032,2,1,5,NA,1,1,1,,,,
646,582,1,4,38,NA,35,3,1,,,,
1374,118,2,2,6,NA,1,1,1,,,,
1375,118,2,4,6,NA,1,1,1,,,,
1770,2496,2,6,5,NA,14,13,1,,,,
2162,2496,2,7,5,NA,14,13,1,,,,
977,1180,2,2,5,NA,3,3,1,,,,
2336,1180,1,7,5,NA,35,3,1,,,,
1605,1180,1,6,5,NA,35,3,1,,,,
2624,1180,1,8,5,NA,35,NA,1,,,,
466,967,2,1,2,NA,30,26,1,,,,
306,738,1,1,51,NA,35,1,1,,,,
715,738,1,4,51,NA,35,1,1,,,,
8,309,2,1,2,NA,26,27,1,,,,
523,309,2,4,2,NA,26,27,1,,,,
1161,309,1,2,2,NA,35,27,1,,,,
1034,853,2,2,5,NA,7,6,1,,,,
764,853,2,4,5,NA,7,6,1,,,,
2501,13792,2,8,144,NA,32,34,1,,,,
22,327,1,1,2,NA,35,29,1,,,,
2659,12772,2,8,203,NA,1,1,1,,,,
314,747,1,1,4,NA,35,24,1,,,,
1350,747,1,4,4,NA,35,29,1,,,,
432,911,2,1,2,NA,17,19,1,,,,
746,208,2,4,4,NA,9,11,1,,,,
1117,208,2,2,4,NA,9,11,1,,,,
785,907,1,4,2,NA,35,1,1,,,,
247,658,2,1,5,NA,10,8,1,,,,
2423,658,2,8,5,NA,10,8,1,,,,
2364,7436,2,7,144,NA,28,29,1,,,,
2227,8781,2,7,145,NA,29,30,1,,,,
2370,9431,1,7,144,NA,35,3,1,,,,
1206,61,1,2,6,NA,35,29,1,,,,
1714,61,1,6,6,NA,35,29,1,,,,
1343,5,1,2,2,NA,35,1,1,,,,
587,452,2,4,3,NA,1,1,1,,,,
1480,19,2,1,3,NA,28,29,1,,,,
1482,19,1,2,3,NA,35,29,1,,,,
1481,19,2,4,3,NA,28,29,1,,,,
1708,19,1,6,3,NA,35,29,1,,,,
2276,19,1,7,3,NA,35,29,1,,,,
2115,2305,2,7,146,NA,1,1,1,,,,
2629,2305,1,8,146,NA,35,NA,1,,,,
1602,101,1,6,5,NA,35,6,1,,,,
1403,101,1,4,5,NA,35,6,1,,,,
1404,101,1,1,5,NA,35,6,1,,,,
1402,101,1,2,5,NA,35,6,1,,,,
1407,257,2,1,5,NA,23,23,1,,,,
1406,257,2,4,5,NA,23,23,1,,,,
1405,257,2,2,5,NA,23,23,1,,,,
1802,257,2,6,5,NA,23,23,1,,,,
2201,257,2,7,5,NA,23,23,1,,,,
2625,257,1,8,5,NA,35,NA,1,,,,
2357,8779,2,7,149,NA,11,10,1,,,,
2354,7848,2,7,2,NA,31,32,1,,,,
2398,12855,2,8,2,NA,3,3,1,,,,
997,1190,2,2,1,NA,5,4,1,,,,
747,209,2,4,2,NA,3,3,1,,,,
966,209,2,2,2,NA,3,3,1,,,,
2082,209,2,6,2,NA,3,3,1,,,,
581,130,2,4,3,NA,2,5,1,,,,
1597,130,2,6,3,NA,2,5,1,,,,
1017,130,2,2,3,NA,2,5,1,,,,
604,482,2,4,4,NA,15,12,1,,,,
1121,482,2,2,4,NA,15,12,1,,,,
2158,482,2,7,4,NA,15,12,1,,,,
2437,482,2,8,4,NA,15,12,1,,,,
2170,8918,2,7,3,NA,12,15,1,,,,
436,916,2,1,98,NA,5,4,1,,,,
807,953,2,4,2,NA,2,5,1,,,,
578,441,2,4,5,NA,1,1,1,,,,
1043,441,2,2,5,NA,1,1,1,,,,
516,1037,1,1,2,NA,35,32,1,,,,
642,570,1,4,1,NA,35,29,1,,,,
1196,570,1,2,1,NA,35,29,1,,,,
590,23,1,4,5,NA,35,1,1,,,,
1103,23,1,2,5,NA,35,1,1,,,,
2250,8546,2,7,5,NA,32,34,1,,,,
195,578,1,1,4,NA,35,31,1,,,,
645,578,1,4,4,NA,35,31,1,,,,
1146,578,1,2,4,NA,35,31,1,,,,
2409,13928,2,8,3,NA,2,5,1,,,,
1839,1764,2,6,4,NA,31,32,1,,,,
464,964,1,1,90,NA,35,3,1,,,,
1575,1513,2,6,4,NA,3,3,1,,,,
2262,1513,1,7,4,NA,35,3,1,,,,
2594,1513,1,8,4,NA,35,NA,1,,,,
265,679,1,1,30,NA,35,5,1,,,,
1169,679,1,2,30,NA,35,5,1,,,,
688,679,1,4,30,NA,35,20,1,,,,
2525,13202,2,8,144,NA,31,32,1,,,,
297,726,2,1,2,NA,9,11,1,,,,
537,341,2,4,4,NA,3,3,1,,,,
975,341,2,2,4,NA,3,3,1,,,,
124,467,2,1,2,NA,3,3,1,,,,
2142,8162,2,7,146,NA,8,7,1,,,,
2633,8162,1,8,146,NA,35,NA,1,,,,
2112,7937,2,7,4,NA,2,5,1,,,,
2595,7937,1,8,4,NA,35,5,1,,,,
1924,2761,2,6,5,NA,31,32,1,,,,
419,894,2,1,5,NA,1,1,1,,,,
779,894,2,4,5,NA,1,1,1,,,,
1044,894,2,2,5,NA,1,1,1,,,,
1949,894,2,6,5,NA,1,1,1,,,,
11,312,2,1,2,NA,28,29,1,,,,
525,312,2,4,2,NA,28,29,1,,,,
252,663,2,1,2,NA,19,17,1,,,,
2147,7670,2,7,2,NA,10,8,1,,,,
2607,7670,1,8,2,NA,35,NA,1,,,,
323,761,1,1,74,NA,35,8,1,,,,
723,756,2,4,2,NA,9,11,1,,,,
2654,13417,1,8,203,NA,35,NA,1,,,,
2350,7911,1,7,6,NA,35,7,1,,,,
2150,8026,2,7,4,NA,13,9,1,,,,
172,540,2,1,4,NA,8,7,1,,,,
1193,47,1,2,3,NA,35,30,1,,,,
1709,47,1,6,3,NA,35,30,1,,,,
210,47,1,1,3,NA,35,30,1,,,,
2280,47,1,7,3,NA,35,30,1,,,,
1784,2501,2,6,5,NA,19,17,1,,,,
766,862,2,4,2,NA,25,25,1,,,,
1809,862,2,6,2,NA,25,25,1,,,,
1024,862,2,2,2,NA,25,25,1,,,,
1085,988,2,2,3,NA,18,16,1,,,,
1870,988,2,4,3,NA,18,16,1,,,,
257,670,2,1,2,NA,8,7,1,,,,
2418,8582,2,8,2,NA,8,7,1,,,,
2073,8,1,6,117,NA,35,NA,1,,,,
1449,8,1,2,117,NA,35,1,1,,,,
384,850,2,1,27,NA,2,5,1,,,,
1869,962,2,4,5,NA,27,28,1,,,,
462,962,2,1,5,NA,27,28,1,,,,
115,449,1,1,2,NA,35,11,1,,,,
2441,12310,2,8,5,NA,16,14,1,,,,
2018,4456,1,1,74,NA,35,5,1,,,,
1960,3484,2,1,74,NA,10,8,1,,,,
1302,200,2,2,2,NA,14,13,1,,,,
2410,13941,2,8,3,NA,2,5,1,,,,
2584,14131,1,8,3,NA,35,NA,1,,,,
420,896,2,1,4,NA,9,11,1,,,,
781,896,1,4,4,NA,35,11,1,,,,
1148,896,1,2,4,NA,35,11,1,,,,
1670,896,1,6,4,NA,35,11,1,,,,
203,592,2,1,2,NA,10,8,1,,,,
651,592,2,4,2,NA,10,8,1,,,,
588,454,2,4,39,NA,31,32,1,,,,
1948,153,1,6,2,NA,35,6,1,,,,
1358,153,2,2,2,NA,7,6,1,,,,
2313,153,1,7,2,NA,35,6,1,,,,
2600,153,1,8,2,NA,35,NA,1,,,,
1613,258,1,6,5,NA,35,8,1,,,,
1399,258,2,2,5,NA,10,8,1,,,,
1128,193,2,2,4,NA,16,14,1,,,,
1835,2029,2,6,2,NA,32,34,1,,,,
1867,2553,2,6,117,NA,29,30,1,,,,
911,1115,2,4,5,NA,24,24,1,,,,
1816,2516,2,6,3,NA,30,26,1,,,,
2212,2516,2,7,3,NA,30,26,1,,,,
2483,2516,2,8,3,NA,30,26,1,,,,
664,628,1,4,4,NA,35,8,1,,,,
2196,7788,2,7,2,NA,21,22,1,,,,
2532,7635,2,8,144,NA,1,1,1,,,,
2131,7679,2,7,6,NA,1,1,1,,,,
1439,141,2,4,4,NA,34,31,1,,,,
1440,141,2,1,4,NA,34,31,1,,,,
1327,141,2,2,4,NA,34,31,1,,,,
1258,1290,1,2,30,NA,35,20,1,,,,
1943,1290,1,1,30,NA,35,30,1,,,,
1888,1290,1,4,30,NA,35,20,1,,,,
1889,1290,1,4,30,NA,35,20,1,,,,
1890,1290,1,4,30,NA,35,20,1,,,,
1891,1290,1,4,30,NA,35,20,1,,,,
2183,8150,2,7,4,NA,20,18,1,,,,
2457,8150,2,8,4,NA,20,18,1,,,,
1998,4449,1,1,2,NA,35,15,1,,,,
2665,9415,1,8,144,NA,35,24,1,,,,
2679,9415,1,8,144,NA,35,NA,1,,,,
1462,15,1,2,5,NA,35,7,1,,,,
2046,15,2,1,5,NA,8,7,1,,,,
2047,15,2,1,5,NA,8,7,1,,,,
1274,44,1,2,5,NA,35,1,1,,,,
490,1007,1,1,1,NA,35,20,1,,,,
832,1007,1,4,1,NA,35,20,1,,,,
1199,1007,1,2,1,NA,35,20,1,,,,
326,764,2,1,4,NA,15,12,1,,,,
2031,764,2,1,4,NA,15,12,1,,,,
15,318,2,1,2,NA,23,23,1,,,,
529,318,2,4,2,NA,23,23,1,,,,
1069,318,2,2,2,NA,23,23,1,,,,
1799,318,2,6,2,NA,23,23,1,,,,
2303,318,1,7,2,NA,35,23,1,,,,
912,1125,2,4,4,NA,9,11,1,,,,
1825,2520,2,6,117,NA,28,29,1,,,,
262,676,1,1,59,NA,35,1,1,,,,
730,780,1,4,46,NA,35,1,1,,,,
1892,780,1,4,46,NA,35,1,1,,,,
1915,2734,1,6,146,NA,35,1,1,,,,
2275,2734,1,7,146,NA,35,1,1,,,,
2631,2734,1,8,146,NA,35,NA,1,,,,
1788,197,2,2,5,NA,20,18,1,,,,
2363,197,2,7,5,NA,20,18,1,,,,
1093,1011,2,2,3,NA,11,10,1,,,,
1411,1011,2,4,3,NA,11,10,1,,,,
575,126,2,4,2,NA,34,31,1,,,,
1267,126,2,2,2,NA,34,31,1,,,,
1516,2117,1,4,119,NA,35,1,1,,,,
231,171,2,1,144,NA,20,18,1,,,,
669,171,2,4,144,NA,20,18,1,,,,
1082,171,2,2,144,NA,20,18,1,,,,
2192,8902,2,7,3,NA,22,20,1,,,,
2577,8902,1,8,3,NA,35,NA,1,,,,
1800,1615,2,6,4,NA,23,23,1,,,,
2198,1615,2,7,4,NA,23,23,1,,,,
2469,1615,2,8,4,NA,23,23,1,,,,
310,743,1,1,2,NA,35,3,1,,,,
1955,3430,2,4,38,NA,3,3,1,,,,
895,823,2,4,2,NA,22,20,1,,,,
366,823,2,1,2,NA,22,20,1,,,,
1247,1283,2,2,2,NA,10,8,1,,,,
1843,2535,2,6,5,NA,31,32,1,,,,
2297,8366,1,7,144,NA,35,3,1,,,,
936,1154,2,4,37,NA,3,3,1,,,,
1585,2279,1,6,5,NA,35,1,1,,,,
1395,259,2,4,4,NA,3,3,1,,,,
1579,259,2,6,4,NA,3,3,1,,,,
1394,259,2,2,4,NA,3,3,1,,,,
2462,12833,2,8,4,NA,17,19,1,,,,
978,1181,2,2,5,NA,31,32,1,,,,
368,826,2,1,2,NA,22,20,1,,,,
851,1048,1,4,3,NA,35,6,1,,,,
1531,1048,1,4,3,NA,35,6,1,,,,
2195,9427,2,7,144,NA,21,22,1,,,,
1757,198,2,6,2,NA,13,9,1,,,,
1282,198,2,2,2,NA,13,9,1,,,,
2278,7792,1,7,3,NA,35,1,1,,,,
1240,255,2,2,4,NA,24,24,1,,,,
2645,13649,1,8,201,NA,35,NA,1,,,,
818,972,2,4,2,NA,33,33,1,,,,
2072,3255,1,6,117,NA,35,20,1,,,,
691,684,2,4,3,NA,39,36,1,,,,
2420,12805,2,8,185,NA,8,7,1,,,,
1678,2456,1,6,2,NA,35,14,1,,,,
2305,2456,1,7,2,NA,35,14,1,,,,
2217,8180,2,7,4,NA,26,27,1,,,,
2487,8180,2,8,4,NA,26,27,1,,,,
319,753,2,1,146,NA,1,1,1,,,,
721,753,1,4,146,NA,35,1,1,,,,
2274,753,1,7,146,NA,35,1,1,,,,
2489,12331,2,8,3,NA,27,28,1,,,,
343,786,2,1,4,NA,34,31,1,,,,
435,915,2,1,2,NA,22,20,1,,,,
79,407,2,1,35,NA,1,1,1,,,,
568,407,2,4,35,NA,1,1,1,,,,
2589,12915,1,8,4,NA,35,NA,1,,,,
726,763,2,4,5,NA,1,1,1,,,,
1628,763,1,6,5,NA,35,7,1,,,,
325,763,2,1,5,NA,1,1,1,,,,
1195,763,1,2,5,NA,35,7,1,,,,
752,827,1,4,4,NA,35,6,1,,,,
1289,827,1,2,4,NA,35,6,1,,,,
369,827,2,1,4,NA,7,6,1,,,,
2181,9387,2,7,2,NA,20,18,1,,,,
2459,9387,2,8,2,NA,20,18,1,,,,
2165,8599,2,7,5,NA,16,14,1,,,,
2443,8599,2,8,5,NA,16,14,1,,,,
1651,290,1,6,4,NA,35,3,1,,,,
2269,290,1,7,4,NA,35,3,1,,,,
859,1055,1,4,145,NA,35,15,1,,,,
1630,1055,1,6,145,NA,35,15,1,,,,
1114,1055,1,2,145,NA,35,15,1,,,,
754,832,2,4,145,NA,31,32,1,,,,
981,832,2,2,145,NA,31,32,1,,,,
1864,832,2,4,145,NA,31,32,1,,,,
1698,832,1,6,145,NA,35,32,1,,,,
1647,2455,2,6,3,NA,7,6,1,,,,
1101,612,1,2,5,NA,35,8,1,,,,
655,612,2,4,5,NA,10,8,1,,,,
2616,13456,1,8,5,NA,35,NA,1,,,,
1874,1136,2,4,201,NA,34,31,1,,,,
920,1136,2,4,201,NA,34,31,1,,,,
81,409,2,1,4,NA,22,20,1,,,,
569,409,2,4,4,NA,22,20,1,,,,
1075,409,2,2,4,NA,22,20,1,,,,
774,875,2,4,5,NA,12,15,1,,,,
1626,875,1,6,5,NA,35,15,1,,,,
1242,875,1,2,5,NA,35,15,1,,,,
2344,875,1,7,5,NA,35,15,1,,,,
1811,1201,2,6,2,NA,26,27,1,,,,
1018,1201,2,2,2,NA,26,27,1,,,,
2218,1201,2,7,2,NA,26,27,1,,,,
2484,1201,2,8,2,NA,26,27,1,,,,
1932,2812,2,6,5,NA,39,36,1,,,,
2164,2812,2,7,5,NA,39,36,1,,,,
1741,2484,2,6,5,NA,10,8,1,,,,
2145,2484,2,7,5,NA,10,8,1,,,,
1370,186,2,2,2,NA,3,3,1,,,,
638,557,1,4,5,NA,35,31,1,,,,
1112,557,1,2,5,NA,35,31,1,,,,
181,557,1,1,5,NA,35,31,1,,,,
2184,9521,2,7,144,NA,20,18,1,,,,
2460,9521,2,8,144,NA,20,18,1,,,,
2479,14399,2,8,2,NA,25,25,1,,,,
2524,282,2,8,144,NA,31,32,1,,,,
2411,8921,2,8,3,NA,2,5,1,,,,
2392,13476,2,8,144,NA,3,3,1,,,,
2463,13785,2,8,3,NA,22,20,1,,,,
1691,2231,1,6,2,NA,35,26,1,,,,
749,818,1,4,2,NA,35,32,1,,,,
1707,39,1,6,3,NA,35,6,1,,,,
1255,39,1,2,3,NA,35,6,1,,,,
2279,39,1,7,3,NA,35,6,1,,,,
2580,39,1,8,3,NA,35,NA,1,,,,
699,700,2,4,2,NA,3,3,1,,,,
2395,13474,2,8,144,NA,3,3,1,,,,
494,99,1,1,4,NA,35,8,1,,,,
834,99,1,4,4,NA,35,8,1,,,,
1149,99,1,2,4,NA,35,8,1,,,,
750,210,2,4,2,NA,12,15,1,,,,
1131,210,2,2,2,NA,12,15,1,,,,
363,210,2,1,2,NA,12,15,1,,,,
1823,283,2,6,4,NA,28,29,1,,,,
2225,283,2,7,4,NA,28,29,1,,,,
2206,7798,2,7,2,NA,24,24,1,,,,
1332,1333,2,4,4,NA,1,1,1,,,,
1186,1253,1,2,3,NA,35,22,1,,,,
1521,2124,2,4,2,NA,32,34,1,,,,
1522,2124,2,4,2,NA,32,34,1,,,,
1524,2124,2,4,2,NA,32,34,1,,,,
1523,2124,2,4,2,NA,32,34,1,,,,
1804,2084,2,6,2,NA,24,24,1,,,,
2205,2084,2,7,2,NA,24,24,1,,,,
2474,2084,2,8,2,NA,24,24,1,,,,
2666,8929,2,8,3,NA,22,20,1,,,,
1779,1245,2,6,3,NA,12,15,1,,,,
1133,1245,2,2,3,NA,12,15,1,,,,
2171,1245,2,7,3,NA,12,15,1,,,,
2516,14059,2,8,2,NA,31,32,1,,,,
1217,1264,2,2,115,NA,37,6,1,,,,
2519,14334,2,8,2,NA,31,32,1,,,,
1053,928,2,2,6,NA,1,1,1,,,,
1420,928,2,4,6,NA,1,1,1,,,,
7,308,2,1,4,NA,34,31,1,,,,
2223,7437,2,7,3,NA,28,29,1,,,,
2515,7437,2,8,3,NA,28,29,1,,,,
2368,7793,2,7,2,NA,23,23,1,,,,
2471,7793,2,8,2,NA,23,23,1,,,,
506,1026,1,1,2,NA,35,32,1,,,,
955,1306,1,4,44,NA,35,15,1,,,,
2495,2256,2,8,144,NA,34,31,1,,,,
1720,1260,1,6,6,NA,35,1,1,,,,
1211,1260,1,2,6,NA,35,1,1,,,,
1716,1714,1,6,6,NA,35,23,1,,,,
935,1138,1,4,2,NA,35,32,1,,,,
492,1009,2,1,2,NA,22,20,1,,,,
833,1009,2,4,2,NA,22,20,1,,,,
765,75,2,4,2,NA,31,32,1,,,,
1268,75,1,2,2,NA,35,32,1,,,,
1896,1326,1,4,4,NA,35,31,1,,,,
1026,569,2,2,73,NA,2,5,1,,,,
1365,569,2,4,73,NA,2,5,1,,,,
1952,569,2,1,73,NA,2,5,1,,,,
2111,7947,2,7,4,NA,2,5,1,,,,
2306,7647,1,7,2,NA,35,24,1,,,,
2610,7647,1,8,2,NA,35,NA,1,,,,
1237,1277,1,2,2,NA,35,3,1,,,,
1495,131,2,2,4,NA,20,18,1,,,,
1494,131,2,4,4,NA,20,18,1,,,,
1658,131,1,6,4,NA,35,18,1,,,,
2384,131,1,7,4,NA,35,18,1,,,,
709,721,2,4,2,NA,15,12,1,,,,
621,516,2,4,2,NA,3,3,1,,,,
1465,14,1,2,6,NA,35,1,1,,,,
1466,14,1,4,6,NA,35,1,1,,,,
2359,8513,1,7,144,NA,35,3,1,,,,
414,888,2,1,2,NA,22,20,1,,,,
777,888,1,4,2,NA,35,20,1,,,,
2434,8528,2,8,5,NA,9,11,1,,,,
1201,1,1,2,1,NA,35,5,1,,,,
2,1,1,1,1,NA,35,5,1,,,,
520,1,1,4,1,NA,35,5,1,,,,
479,990,2,1,2,NA,31,32,1,,,,
1049,1214,2,2,3,NA,1,1,1,,,,
190,571,2,1,2,NA,3,3,1,,,,
2367,7619,2,7,2,NA,5,4,1,,,,
2407,7619,2,8,2,NA,5,4,1,,,,
2675,12918,1,8,4,NA,35,1,1,,,,
2292,9557,1,7,144,NA,35,3,1,,,,
668,289,2,4,144,NA,26,27,1,,,,
755,834,1,4,3,NA,35,3,1,,,,
1189,834,1,2,3,NA,35,3,1,,,,
374,834,2,1,3,NA,3,3,1,,,,
1443,102,2,4,4,NA,2,5,1,,,,
1442,102,2,1,4,NA,2,5,1,,,,
1444,102,2,2,4,NA,2,5,1,,,,
275,693,1,1,3,NA,35,20,1,,,,
1987,693,1,1,3,NA,35,20,1,,,,
1989,693,1,1,3,NA,35,20,1,,,,
1988,693,1,1,3,NA,35,20,1,,,,
409,883,1,1,5,NA,35,29,1,,,,
1555,883,1,4,5,NA,35,29,1,,,,
856,1062,2,4,2,NA,11,10,1,,,,
1094,1062,2,2,2,NA,11,10,1,,,,
2405,13185,2,8,5,NA,3,3,1,,,,
1059,1220,2,2,1,NA,1,1,1,,,,
1530,1043,1,4,2,NA,35,32,1,,,,
1560,1043,1,4,2,NA,35,32,1,,,,
2125,2113,2,7,2,NA,1,1,1,,,,
295,724,2,1,3,NA,16,14,1,,,,
1190,724,1,2,3,NA,35,14,1,,,,
1366,724,2,4,3,NA,16,14,1,,,,
2075,6057,1,6,5,NA,35,13,1,,,,
2440,6057,2,8,5,NA,14,13,1,,,,
1576,1525,2,6,4,NA,3,3,1,,,,
1916,288,1,6,10,NA,35,1,1,,,,
2380,288,1,7,10,NA,35,1,1,,,,
1477,128,2,1,4,NA,31,32,1,,,,
1478,128,2,4,4,NA,31,32,1,,,,
1479,128,2,2,4,NA,31,32,1,,,,
2517,14357,2,8,2,NA,31,32,1,,,,
367,825,2,1,27,NA,2,5,1,,,,
316,62,1,1,2,NA,35,14,1,,,,
718,62,1,4,2,NA,35,14,1,,,,
1156,62,1,2,2,NA,35,14,1,,,,
1464,111,2,2,2,NA,11,10,1,,,,
1238,1278,1,2,8,NA,1,1,1,,,,
2299,8439,1,7,144,NA,35,3,1,,,,
2551,8439,1,8,144,NA,35,NA,1,,,,
2583,2097,1,8,3,NA,35,NA,1,,,,
1460,245,2,2,5,NA,34,31,1,,,,
701,58,1,4,5,NA,35,27,1,,,,
1277,58,1,2,5,NA,35,27,1,,,,
279,58,2,1,5,NA,26,27,1,,,,
2548,14264,2,8,232,NA,37,38,1,,,,
2538,13589,2,8,146,NA,1,1,1,,,,
690,681,2,4,4,NA,28,29,1,,,,
2646,13660,1,8,201,NA,35,NA,1,,,,
2361,9192,2,7,145,NA,28,29,1,,,,
2520,13236,2,8,5,NA,31,32,1,,,,
193,576,2,1,2,NA,3,3,1,,,,
2397,12999,2,8,2,NA,3,3,1,,,,
2347,7969,1,7,6,NA,35,24,1,,,,
2641,7969,1,8,6,NA,35,NA,1,,,,
2391,13462,2,8,144,NA,3,3,1,,,,
2488,12337,2,8,2,NA,27,28,1,,,,
1474,17,1,2,7,NA,35,32,1,,,,
1854,17,2,4,7,NA,31,32,1,,,,
1842,2534,2,6,5,NA,31,32,1,,,,
514,1035,1,1,2,NA,35,1,1,,,,
2074,6042,2,6,2,NA,22,20,1,,,,
2190,6042,2,7,2,NA,22,20,1,,,,
52,370,2,1,40,NA,29,30,1,,,,
554,370,1,4,40,NA,35,30,1,,,,
1898,370,1,4,40,NA,35,30,1,,,,
1899,370,1,4,40,NA,35,30,1,,,,
2022,370,2,1,40,NA,29,30,1,,,,
235,50,1,1,5,NA,35,11,1,,,,
673,50,1,4,5,NA,35,11,1,,,,
1627,50,1,6,5,NA,35,11,1,,,,
1111,50,1,2,5,NA,35,11,1,,,,
1845,2536,2,6,145,NA,31,32,1,,,,
1428,98,1,2,10,NA,35,1,1,,,,
1727,98,1,6,10,NA,35,1,1,,,,
2382,98,1,7,10,NA,35,1,1,,,,
2678,98,1,8,10,NA,35,1,1,,,,
857,1058,1,4,7,NA,35,12,1,,,,
1222,1058,2,2,7,NA,15,12,1,,,,
991,112,2,2,5,NA,31,32,1,,,,
1596,112,1,6,5,NA,35,32,1,,,,
2327,112,1,7,5,NA,35,32,1,,,,
2614,112,1,8,5,NA,35,NA,1,,,,
406,880,2,1,4,NA,12,15,1,,,,
759,842,1,4,4,NA,35,7,1,,,,
379,842,1,1,4,NA,35,7,1,,,,
1138,842,1,2,4,NA,35,7,1,,,,
1937,2842,1,6,4,NA,35,24,1,,,,
2133,8576,2,7,5,NA,7,6,1,,,,
2508,8576,2,8,5,NA,7,6,1,,,,
2529,9442,2,8,144,NA,39,36,1,,,,
1506,137,2,2,1,NA,1,1,1,,,,
401,874,1,1,4,NA,35,15,1,,,,
1263,874,1,2,4,NA,35,15,1,,,,
773,874,1,4,4,NA,35,15,1,,,,
1743,2486,2,2,3,NA,29,30,1,,,,
1745,2486,1,4,3,NA,35,6,1,,,,
1746,2486,1,4,3,NA,35,6,1,,,,
1744,2486,2,1,3,NA,29,30,1,,,,
2051,2486,2,1,3,NA,29,30,1,,,,
1822,242,2,6,2,NA,28,29,1,,,,
1320,242,2,2,2,NA,28,29,1,,,,
1419,242,1,4,2,NA,35,29,1,,,,
1717,1705,1,6,6,NA,35,32,1,,,,
2539,12582,2,8,201,NA,1,1,1,,,,
2545,13148,2,8,10,NA,1,1,1,,,,
1573,1950,2,6,2,NA,3,3,1,,,,
2089,1950,2,7,2,NA,3,3,1,,,,
2609,1950,1,8,2,NA,35,NA,1,,,,
2334,8344,1,7,5,NA,35,6,1,,,,
2622,8344,1,8,5,NA,35,NA,1,,,,
2458,13342,2,8,3,NA,20,18,1,,,,
1441,246,2,2,5,NA,1,1,1,,,,
1838,1177,2,6,4,NA,31,32,1,,,,
972,1177,2,2,4,NA,31,32,1,,,,
2242,1177,2,7,4,NA,31,32,1,,,,
1694,40,1,6,2,NA,35,23,1,,,,
842,40,1,4,2,NA,35,11,1,,,,
1273,40,1,2,2,NA,35,23,1,,,,
1529,40,1,4,2,NA,35,11,1,,,,
2312,40,1,7,2,NA,35,23,1,,,,
2611,40,1,8,2,NA,35,NA,1,,,,
266,181,2,1,4,NA,28,29,1,,,,
1369,181,2,2,4,NA,28,29,1,,,,
951,42,1,4,4,NA,35,5,1,,,,
1656,42,1,6,4,NA,35,5,1,,,,
1224,42,1,2,4,NA,35,5,1,,,,
189,42,1,1,4,NA,35,5,1,,,,
2261,42,1,7,4,NA,35,5,1,,,,
2285,8511,1,7,144,NA,35,3,1,,,,
2566,8511,1,8,144,NA,35,NA,1,,,,
1279,1300,2,2,68,NA,23,23,1,,,,
1911,1300,2,2,68,NA,23,23,1,,,,
1851,360,2,1,2,NA,34,31,1,,,,
996,360,2,2,2,NA,34,31,1,,,,
2020,360,2,4,2,NA,34,31,1,,,,
2021,360,2,2,2,NA,34,31,1,,,,
1629,2395,2,6,6,NA,1,1,1,,,,
2348,2395,1,7,6,NA,35,1,1,,,,
2640,2395,1,8,6,NA,35,NA,1,,,,
1352,180,2,2,107,NA,1,1,1,,,,
99,431,2,1,2,NA,1,1,1,,,,
405,879,1,1,2,NA,35,1,1,,,,
775,879,1,4,2,NA,35,7,1,,,,
1158,879,1,2,2,NA,35,7,1,,,,
1349,6,1,2,5,NA,35,32,1,,,,
1348,6,1,4,5,NA,35,1,1,,,,
1347,6,1,1,5,NA,35,1,1,,,,
1712,1186,1,6,3,NA,35,32,1,,,,
989,1186,2,2,3,NA,31,32,1,,,,
2282,1186,1,7,3,NA,35,32,1,,,,
2576,1186,1,8,3,NA,35,NA,1,,,,
2636,7688,1,8,146,NA,35,NA,1,,,,
1563,16,1,1,3,NA,35,6,1,,,,
1564,16,1,4,3,NA,35,6,1,,,,
1562,16,1,2,3,NA,35,6,1,,,,
1705,16,1,6,3,NA,35,6,1,,,,
199,585,2,1,2,NA,3,3,1,,,,
1601,2443,2,6,3,NA,2,5,1,,,,
2109,2443,2,7,3,NA,2,5,1,,,,
2571,2443,1,8,3,NA,35,NA,1,,,,
1742,2485,2,2,1,NA,21,22,1,,,,
1774,2497,2,6,5,NA,16,14,1,,,,
2167,2497,2,7,5,NA,16,14,1,,,,
1493,21,1,2,3,NA,35,5,1,,,,
2277,21,1,7,3,NA,35,5,1,,,,
2570,21,1,8,3,NA,35,NA,1,,,,
273,689,2,1,74,NA,10,8,1,,,,
1795,2505,2,6,117,NA,22,20,1,,,,
1791,2502,2,6,5,NA,17,19,1,,,,
2185,2502,2,7,5,NA,17,19,1,,,,
2461,2502,2,8,5,NA,17,19,1,,,,
757,836,2,4,5,NA,7,6,1,,,,
1038,836,2,2,5,NA,7,6,1,,,,
1648,836,2,6,5,NA,7,6,1,,,,
2110,7621,2,7,2,NA,2,5,1,,,,
2601,7621,1,8,2,NA,35,NA,1,,,,
2081,1468,1,6,4,NA,35,8,1,,,,
2146,1468,2,7,4,NA,10,8,1,,,,
734,791,2,4,4,NA,23,23,1,,,,
1035,791,2,2,4,NA,23,23,1,,,,
346,791,2,1,4,NA,23,23,1,,,,
1653,791,1,6,4,NA,35,23,1,,,,
2265,791,1,7,4,NA,35,23,1,,,,
2593,791,1,8,4,NA,35,NA,1,,,,
1913,2697,2,6,2,NA,22,20,1,,,,
1841,2533,2,6,6,NA,31,32,1,,,,
2668,2533,1,8,6,NA,35,32,1,,,,
241,646,2,1,4,NA,3,3,1,,,,
984,646,2,2,4,NA,3,3,1,,,,
677,646,2,4,4,NA,3,3,1,,,,
744,809,2,4,144,NA,3,3,1,,,,
1182,809,1,2,144,NA,35,3,1,,,,
357,809,2,1,144,NA,3,3,1,,,,
2098,809,2,7,144,NA,3,3,1,,,,
2390,809,2,8,144,NA,3,3,1,,,,
1768,1292,2,6,145,NA,15,12,1,,,,
1261,1292,2,2,145,NA,15,12,1,,,,
2159,1292,2,7,145,NA,15,12,1,,,,
1773,1693,2,6,4,NA,16,14,1,,,,
2168,1693,2,7,4,NA,16,14,1,,,,
2586,1693,1,8,4,NA,35,NA,1,,,,
1681,297,1,6,2,NA,35,18,1,,,,
2319,297,1,7,2,NA,35,18,1,,,,
2613,297,1,8,2,NA,35,NA,1,,,,
2424,12638,2,8,144,NA,10,8,1,,,,
760,843,2,4,4,NA,12,15,1,,,,
1130,843,2,2,4,NA,12,15,1,,,,
2179,9593,2,7,5,NA,19,17,1,,,,
1393,1255,1,2,3,NA,35,1,1,,,,
2581,1255,1,8,3,NA,35,NA,1,,,,
1684,160,1,6,2,NA,35,29,1,,,,
1453,160,2,4,2,NA,28,29,1,,,,
1454,160,2,2,2,NA,28,29,1,,,,
2352,160,2,7,2,NA,28,29,1,,,,
2511,160,2,8,2,NA,28,29,1,,,,
539,346,2,4,146,NA,19,17,1,,,,
341,783,2,1,2,NA,3,3,1,,,,
1525,2126,2,4,110,NA,16,14,1,,,,
184,561,2,1,2,NA,1,1,1,,,,
2177,8810,2,7,11,NA,18,16,1,,,,
1527,2082,2,4,2,NA,21,22,1,,,,
2236,8644,2,7,5,NA,31,32,1,,,,
2521,8644,2,8,5,NA,31,32,1,,,,
129,474,1,1,95,NA,35,29,1,,,,
1559,2261,2,4,3,NA,3,3,1,,,,
2493,12443,2,8,4,NA,34,31,1,,,,
44,362,2,1,2,NA,27,28,1,,,,
61,115,2,1,5,NA,12,15,1,,,,
560,115,2,4,5,NA,12,15,1,,,,
1134,115,2,2,5,NA,12,15,1,,,,
1780,115,2,6,5,NA,12,15,1,,,,
493,1010,2,1,2,NA,27,28,1,,,,
847,1044,1,4,4,NA,35,18,1,,,,
76,403,2,1,4,NA,7,6,1,,,,
1591,1532,2,6,4,NA,2,5,1,,,,
2113,1532,2,7,4,NA,2,5,1,,,,
2413,1532,2,8,4,NA,2,5,1,,,,
1341,4,1,2,4,NA,35,18,1,,,,
1340,4,1,4,4,NA,35,18,1,,,,
1339,4,2,1,4,NA,20,18,1,,,,
1654,4,1,6,4,NA,35,18,1,,,,
2253,4,1,7,4,NA,35,18,1,,,,
2644,8087,1,8,10,NA,35,NA,1,,,,
156,514,1,1,4,NA,35,5,1,,,,
1032,781,2,2,3,NA,2,5,1,,,,
339,781,2,1,3,NA,2,5,1,,,,
1820,2517,2,6,2,NA,28,29,1,,,,
888,1095,1,4,2,NA,35,6,1,,,,
1701,2462,1,6,145,NA,35,29,1,,,,
2320,2462,1,7,145,NA,35,29,1,,,,
1666,1279,1,6,4,NA,35,14,1,,,,
1239,1279,2,2,4,NA,16,14,1,,,,
2260,1279,1,7,4,NA,35,14,1,,,,
2588,1279,1,8,4,NA,35,NA,1,,,,
1620,566,1,6,5,NA,35,18,1,,,,
188,566,1,1,5,NA,35,18,1,,,,
2374,566,1,7,5,NA,35,18,1,,,,
681,653,2,4,2,NA,8,7,1,,,,
331,771,2,1,2,NA,16,15,1,,,,
2238,7850,2,7,2,NA,31,32,1,,,,
616,507,2,4,2,NA,28,29,1,,,,
1009,507,2,2,2,NA,28,29,1,,,,
1686,507,1,6,2,NA,35,29,1,,,,
152,507,1,1,2,NA,35,29,1,,,,
2309,507,1,7,2,NA,35,29,1,,,,
2608,507,1,8,2,NA,35,NA,1,,,,
1595,88,1,6,5,NA,35,24,1,,,,
1456,88,1,2,5,NA,35,1,1,,,,
1981,88,1,1,5,NA,35,24,1,,,,
2632,13979,1,8,146,NA,35,23,1,,,,
1587,1781,2,6,5,NA,3,3,1,,,,
1731,1334,2,6,2,NA,8,7,1,,,,
407,1334,2,1,2,NA,8,7,1,,,,
2140,1334,2,7,2,NA,8,7,1,,,,
6,307,2,1,2,NA,9,11,1,,,,
1815,2108,2,6,2,NA,30,26,1,,,,
1967,29,1,6,6,NA,35,23,1,,,,
1205,29,1,2,6,NA,35,23,1,,,,
1828,1694,2,6,4,NA,34,31,1,,,,
1632,1052,1,6,5,NA,35,1,1,,,,
855,1052,1,4,5,NA,35,1,1,,,,
1640,2247,2,6,5,NA,1,1,1,,,,
2128,2247,2,7,5,NA,1,1,1,,,,
145,498,2,1,4,NA,28,29,1,,,,
612,498,2,4,4,NA,28,29,1,,,,
1145,498,1,2,4,NA,35,29,1,,,,
1738,1631,2,6,4,NA,10,8,1,,,,
2093,7475,2,7,4,NA,3,3,1,,,,
137,487,1,1,2,NA,35,15,1,,,,
197,581,2,1,2,NA,3,3,1,,,,
1958,581,2,1,2,NA,3,3,1,,,,
1959,581,2,1,2,NA,3,3,1,,,,
1797,2507,2,6,3,NA,21,22,1,,,,
2663,2507,2,8,3,NA,21,22,1,,,,
246,657,1,1,42,NA,35,1,1,,,,
932,189,1,4,2,NA,35,6,1,,,,
1765,189,2,6,2,NA,15,12,1,,,,
1120,189,2,2,2,NA,15,12,1,,,,
2034,4535,2,1,4,NA,21,22,1,,,,
2222,7481,2,7,145,NA,28,29,1,,,,
1919,1800,1,6,3,NA,35,5,1,,,,
1260,166,2,2,5,NA,15,12,1,,,,
637,556,2,4,4,NA,24,24,1,,,,
1029,556,2,2,4,NA,24,24,1,,,,
2256,9537,1,7,144,NA,35,3,1,,,,
2558,9537,1,8,144,NA,35,20,1,,,,
1427,96,1,2,144,NA,35,3,1,,,,
1600,96,1,6,144,NA,35,3,1,,,,
2537,13162,2,8,146,NA,1,1,1,,,,
2101,7334,2,7,144,NA,3,3,1,,,,
1501,27,1,4,4,NA,35,24,1,,,,
1502,27,1,2,4,NA,35,24,1,,,,
1500,27,2,1,4,NA,24,24,1,,,,
1662,27,1,6,4,NA,35,24,1,,,,
2257,27,1,7,4,NA,35,24,1,,,,
679,650,2,4,3,NA,10,8,1,,,,
2578,14032,1,8,3,NA,35,NA,1,,,,
1699,2459,1,6,145,NA,35,5,1,,,,
2321,2459,1,7,145,NA,35,6,1,,,,
31,338,1,1,2,NA,35,5,1,,,,
850,1047,1,4,1,NA,35,29,1,,,,
1897,1047,1,4,1,NA,35,29,1,,,,
2120,7314,2,7,144,NA,1,1,1,,,,
2377,8798,2,7,11,NA,18,16,1,,,,
1847,2539,2,6,117,NA,31,32,1,,,,
2670,12669,2,8,144,NA,5,4,1,,,,
1934,2816,2,6,3,NA,33,33,1,,,,
2248,2816,2,7,3,NA,33,33,1,,,,
1676,100,1,6,4,NA,35,3,1,,,,
1397,100,1,4,4,NA,35,3,1,,,,
1398,100,1,2,4,NA,35,3,1,,,,
1396,100,1,1,4,NA,35,3,1,,,,
2302,9554,1,7,144,NA,35,3,1,,,,
2061,4966,2,6,5,NA,1,1,1,,,,
1283,169,2,2,117,NA,31,32,1,,,,
1700,169,1,6,117,NA,35,32,1,,,,
