id|votacion_id|camara_id
1098|1411|1
1099|1412|1
1100|1413|2
1101|1414|1
1102|1415|1
1103|1416|1
1104|1417|1
7583|9269|1
1106|1419|2
1107|1420|2
7605|9278|1
7628|9263|1
7670|9298|1
1113|1426|1
7691|9296|1
7733|9326|1
1117|1430|1
1118|1431|1
1120|1433|2
7792|9385|1
1123|1441|1
1124|1442|1
7794|9357|2
1915|2278|1
1916|2277|1
1917|2272|1
1918|2271|1
1919|2268|1
1920|2267|1
1921|2252|1
1922|2246|1
1923|1635|2
1924|1636|2
1926|1645|1
1928|1869|2
1929|1870|2
1930|1871|2
7851|9414|2
7866|9423|2
7896|9440|2
7911|9448|2
7939|9462|2
7953|9470|2
1931|1872|2
8051|9529|2
8079|9550|2
8093|9474|2
8107|9517|2
8121|9478|2
8135|9567|2
8149|9580|2
8219|9632|1
8232|9643|1
8291|1533|1
1178|1496|2
1932|1873|2
1933|1874|2
1934|1881|2
1935|1882|2
1936|1887|2
3805|5177|1
1213|1536|2
1937|1888|2
1938|1890|2
1939|2315|1
1940|1891|2
1240|1563|2
1941|1892|2
1257|1583|1
1274|1603|2
1275|1604|2
1276|1605|2
1277|1606|2
1278|1607|2
1279|1608|2
1280|1611|2
1281|1612|2
1282|1613|2
1283|1614|2
1284|1615|2
1285|1616|2
1286|1617|2
1287|1618|2
1288|1619|2
1289|1620|2
1290|1621|2
1291|1622|2
1292|1623|2
1293|1624|1
1294|1625|1
1295|1626|1
1296|1627|1
1297|1628|1
1298|1629|1
1299|1630|2
1300|1633|2
1301|1634|2
1942|1893|2
1943|1894|2
1304|1637|2
1305|1638|2
1944|1910|2
1307|1641|2
1308|1642|2
1309|1643|2
1310|1644|2
1945|1911|2
1312|1646|1
3806|5178|1
1314|1648|2
1315|1655|1
1316|1656|1
1317|1657|1
1946|1914|2
1319|1659|2
1320|1660|2
1321|1661|2
1322|1662|2
1323|1663|2
1324|1664|2
1325|1665|2
1326|1666|2
1327|1667|2
1328|1668|2
1329|1669|2
1330|1670|2
1331|1671|2
1332|1672|2
1333|1673|2
1334|1674|2
1335|1675|2
1336|1676|2
1337|1677|2
1338|1678|2
1339|1679|2
1340|1680|2
1341|1681|2
1342|1682|2
1343|1683|2
1344|1684|2
1345|1685|2
1346|1686|2
1347|1687|2
1348|1688|2
1349|1689|2
1350|1690|2
1351|1691|2
1352|1692|2
1353|1693|2
1354|1694|2
1355|1695|2
1356|1696|2
1357|1697|2
1358|1698|2
1359|1699|2
1360|1700|2
3807|5179|1
1362|1702|2
1363|1703|2
1364|1704|2
1365|1705|2
1366|1706|2
1367|1707|2
1368|1708|2
1369|1709|2
1370|1710|2
1371|1711|2
1372|1712|2
1373|1713|2
1374|1714|2
1375|1715|2
1376|1716|2
1377|1717|2
1378|1718|2
1379|1719|2
1380|1720|2
1381|1721|2
1382|1722|2
1383|1723|2
1384|1724|2
1385|1725|2
1386|1726|2
1387|1727|2
1388|1728|2
1389|1729|2
1390|1730|2
1391|1731|2
1392|1732|2
1393|1733|2
1394|1734|2
1395|1735|2
1396|1736|2
1397|1737|2
1398|1738|2
1399|1739|2
1400|1740|2
1401|1741|2
1402|1742|2
1403|1743|2
1404|1744|2
1405|1745|2
1406|1746|2
1407|1747|2
1408|1748|2
1409|1749|2
1410|1750|2
1411|1751|2
1412|1752|2
1413|1753|2
1414|1754|2
1415|1755|2
1416|1756|2
1417|1757|2
1418|1758|2
1419|1759|2
1420|1760|2
1421|1761|2
1422|1762|2
1423|1763|2
1424|1764|2
1425|1765|2
1426|1766|2
1427|1767|2
1428|1768|2
1429|1769|2
1430|1770|2
3808|5180|1
1432|1772|2
1433|1773|2
1434|1774|2
1435|1775|2
1436|1776|2
1437|1777|2
1438|1778|2
1439|1779|2
1440|1780|2
1441|1781|2
1442|1785|2
1443|1786|2
1444|1787|2
1445|1788|2
1446|1789|2
1447|1797|1
1448|1798|1
1449|1799|1
1450|1800|2
1451|1801|2
1452|1802|2
1453|1803|2
1454|1804|2
1455|1805|2
1456|1806|2
1457|1807|2
1458|1808|2
1459|1809|2
1460|1810|2
1461|1811|2
1462|1812|2
1463|1813|2
1464|1814|2
1465|1815|2
1466|1816|2
1467|1817|2
1468|1818|2
1469|1819|2
1470|1820|2
1471|1821|2
1472|1822|2
1473|1823|2
1474|1824|2
1475|1825|2
1476|1826|2
1477|1827|2
1478|1828|2
1479|1829|2
1480|1830|2
1481|1831|2
1482|1832|2
1483|1833|2
1484|1834|2
1486|1836|1
3809|5181|1
1488|1838|1
1489|1839|1
2582|3564|2
2587|3572|2
1493|1843|2
3810|5182|1
1495|1845|2
1496|1846|2
1497|1847|2
1498|1848|2
1499|1849|2
1500|1850|2
1501|1851|2
1502|1852|2
1503|1853|2
1504|1854|2
1505|1855|2
1506|1856|2
1507|1857|2
1508|1858|2
1509|1859|2
1510|1860|2
1511|1861|2
1512|1862|2
1513|1863|2
1514|1864|2
1515|1865|2
1516|1866|2
1517|1867|2
3811|5183|1
1947|1916|2
1948|1942|1
1950|2026|1
1951|2027|1
1952|2028|1
1525|1875|2
1526|1876|2
1527|1877|2
1528|1878|2
1529|1879|2
1530|1880|2
1954|2462|2
1955|2461|2
1534|1884|2
1535|1885|2
1536|1886|2
1956|2463|2
1957|2464|2
3812|5184|1
1958|2465|2
4026|5910|2
1961|2467|2
1962|2468|2
1963|2469|2
1545|1895|2
1546|1896|2
1547|1897|2
2324|3299|1
2328|3239|2
2332|3302|2
1551|1901|2
1552|1902|2
1553|1903|2
1554|1904|2
1555|1905|2
1556|1906|2
1557|1907|2
1558|1908|2
1559|1909|2
3813|5185|1
1562|1912|2
1563|1913|2
1565|1915|2
3814|5186|1
1567|1917|2
1568|1918|2
1569|1919|2
1570|1920|2
1571|1921|2
3815|5187|1
1573|1923|2
1574|1924|2
1575|1925|2
1576|1926|2
1577|1927|2
1578|1928|2
1579|1929|2
1580|1930|2
1581|1931|2
1582|1932|2
1583|1933|2
1584|1941|1
2344|3301|2
1586|1943|1
1587|1944|2
1588|1945|2
7713|9316|1
1593|1950|2
1594|1951|2
1595|1952|2
1596|1953|2
1597|1954|2
1598|1955|2
1599|1956|2
1600|1957|2
1601|1958|2
1602|1964|2
1603|1965|2
1604|1966|2
1605|1967|2
1606|1968|2
1607|1969|2
1608|1970|2
1609|1971|2
1610|1972|2
1611|1973|2
1612|1974|2
1613|1975|2
1614|1976|2
1615|1977|2
2348|3315|2
2349|3342|2
3816|5188|1
2583|3568|2
1620|1982|2
1621|1983|2
1622|1984|2
3817|5189|1
1624|2019|2
1625|2020|2
1626|2022|1
1627|2023|1
2361|3346|2
3818|5190|1
2365|3351|2
2369|3356|2
2373|3360|2
1633|2029|1
1634|2030|1
1635|2031|2
7754|9336|1
1637|2040|1
3819|5191|1
1639|2042|1
1640|2043|1
1641|2044|1
1642|2045|1
1643|2046|1
1644|2047|1
1645|2048|1
1646|2049|1
1647|2050|1
1648|2051|1
1649|2052|1
1650|2053|1
1651|2054|1
4308|6559|2
1653|2056|1
1654|2057|1
1655|2058|1
1656|2059|1
1657|2060|1
1658|2066|2
1659|2067|2
1660|2107|2
1661|2108|2
1662|2109|2
1663|2110|2
1664|2118|1
1665|2119|1
7774|9346|1
1667|2121|1
1668|2122|1
1669|2123|1
1670|2124|1
1671|2125|1
1672|2126|1
1673|2127|1
1674|2128|1
1675|2129|1
1676|2207|1
1677|2208|1
1678|2209|1
1679|2210|1
1680|2211|1
2377|3365|2
1682|2213|1
1683|2214|1
1684|2215|1
1685|2216|1
2381|2904|2
1687|2218|1
7793|9348|1
1689|2220|1
1690|2221|1
2389|2957|2
1692|2223|1
2393|2568|2
1694|2225|1
2397|2961|2
1696|2227|1
1697|2228|1
1698|2229|1
1699|2230|1
1700|2231|1
1701|2232|1
1702|2233|1
1703|2234|1
1704|2235|1
2401|2710|1
1706|2237|1
1707|2238|1
1708|2239|1
2405|2962|2
2325|3259|2
4311|6561|2
1714|2245|1
2333|3303|2
1716|2247|1
1717|2248|1
1718|2249|1
1720|2251|1
2579|3565|2
1722|2253|1
1723|2254|1
1724|2255|1
1725|2256|1
1726|2257|1
1727|2258|1
1728|2259|1
1729|2260|1
1730|2261|1
1731|2262|1
1732|2263|1
1733|2264|1
1734|2265|1
1735|2266|1
2341|3309|2
2345|3312|2
1738|2269|1
1739|2270|1
2350|3343|2
2354|3347|2
1742|2273|1
1743|2274|1
1744|2275|1
7651|9292|1
2362|3348|2
2366|3353|2
1748|2279|1
1749|2280|1
1750|2281|1
1751|2282|1
1752|2283|1
1753|2284|1
7672|9299|1
1755|2286|1
1756|2287|1
1757|2288|1
1758|2289|1
1759|2290|1
2370|3357|2
1761|2292|1
1762|2293|1
1763|2294|1
1764|2295|1
1765|2296|1
1766|2297|1
1767|2298|1
1768|2299|1
1769|2300|1
7693|9308|1
1771|2302|1
1772|2303|1
1773|2304|1
1774|2305|1
1775|2306|1
1776|2307|1
1777|2308|1
1778|2309|1
1779|2310|1
1780|2311|1
1781|2312|1
1782|2313|1
2374|3361|2
2378|2696|1
1785|2316|1
2382|2902|2
1787|2318|1
1788|2319|1
1789|2320|1
1790|2321|1
1791|2322|1
1792|2323|1
1793|2324|1
1794|2325|1
2386|2691|1
1797|2328|1
1798|2329|1
1799|2330|1
2390|2954|2
2394|2700|1
1802|2333|1
1803|2334|1
1804|2335|1
2398|2706|1
1806|2337|1
7735|9327|1
1808|2339|1
1809|2340|1
1810|2341|1
1811|2342|1
1812|2343|1
1813|2344|1
1814|2345|1
1815|2346|1
1816|2347|1
2406|2963|2
1818|2349|1
1819|2350|1
1820|2351|1
2409|2966|2
2412|2971|2
4151|5928|2
2416|2704|1
2419|2974|2
2422|2731|1
2425|2718|1
2428|3221|2
2437|3408|1
7795|9392|2
2588|3573|2
7828|9405|2
2723|3724|2
2726|3727|2
1841|2423|2
4152|5956|2
2732|3732|2
2735|3735|2
2738|3738|2
1846|2428|2
2741|3741|2
2487|3491|2
7912|9449|2
7926|9455|2
1853|2435|2
1854|2436|2
1855|2437|2
1856|2438|2
1857|2439|2
1858|2440|2
1859|2441|2
1860|2442|2
1861|2443|2
1862|2444|2
1863|2445|2
1864|2446|2
1865|2447|2
1866|2448|2
1867|2449|2
1868|2450|2
1869|2451|2
1870|2452|2
1871|2453|2
1872|2454|2
1873|2455|2
1874|2456|2
1875|2457|2
1876|2458|2
1877|2459|2
1878|2460|2
1879|1443|2
8038|9521|2
8066|9541|2
8108|9509|2
8122|9479|2
8136|9568|2
1897|1497|1
1898|1498|1
8192|9623|2
8206|9621|2
8220|9633|1
8258|9681|2
1906|2338|1
1907|2348|1
1908|2336|1
1909|2332|1
1910|2331|1
1911|2326|1
1912|2314|1
1913|2317|1
2326|3277|2
2330|3300|2
2334|3304|2
2338|3307|2
2342|3310|2
2580|3566|2
2585|3570|2
2363|3349|2
2367|3354|2
2371|3358|2
2375|3362|2
2379|2695|1
2383|2895|2
2387|2690|1
7631|9243|1
2391|2953|2
2395|2699|1
2399|2708|1
2403|2714|1
2407|2964|2
2410|2967|2
2414|2711|1
2417|2703|1
2420|2735|1
2423|2724|1
2426|2717|1
2429|2705|1
7652|9284|1
7715|9318|1
2724|3725|2
2739|3739|2
2730|3730|2
7756|9337|1
7776|9347|1
2733|3733|2
2736|3736|2
2742|3742|2
2744|3747|2
2746|3753|2
2748|3759|2
2750|3765|2
2752|3762|2
2754|3768|2
2756|3770|2
2758|3772|2
4155|6369|2
2762|3776|2
2479|3475|2
2764|3778|2
2766|3780|2
2768|3782|2
2770|3784|2
2485|3489|2
2772|3786|2
2053|2707|1
4156|6371|2
2774|3788|2
2491|3494|2
7813|9400|2
7829|9404|2
2776|3789|2
4157|6376|2
4158|6397|2
4159|6398|2
2784|3797|2
2786|3799|2
4044|5915|2
3843|5359|2
3844|5360|2
3845|5361|2
4045|5917|2
3846|5362|2
3847|5368|2
3848|5371|2
3849|5377|2
3850|5381|2
3851|5387|1
3852|5388|1
3853|5389|1
3514|3243|1
3515|3237|2
3516|3224|2
3517|2713|1
3518|2697|1
3519|2470|2
3520|2327|1
3521|2301|1
3522|2285|1
3523|2250|1
3524|2244|1
3525|2243|1
3526|2120|1
3527|2055|1
3528|2041|1
3529|2025|1
3530|1985|2
3531|1922|2
3532|1889|2
3533|1868|2
3534|1844|2
3535|1837|1
3536|1771|2
3537|1701|2
3538|1647|1
7853|9415|2
7883|9431|2
2111|2434|2
2112|2433|2
2113|2432|2
2114|2431|2
2115|2430|2
2116|2429|2
2117|2427|2
2118|2426|2
2119|2425|2
2120|2424|2
2121|2422|2
2122|2421|2
2123|2420|2
2124|2276|1
2125|2419|2
2126|2418|2
2127|2417|2
2128|2416|2
2129|2415|2
2130|2414|2
2131|2413|2
2132|2412|2
2133|2411|2
2134|2410|2
2135|2409|2
2136|2242|1
2137|2408|2
2138|2407|2
2139|2406|2
2141|2405|2
2142|2240|1
2143|2404|2
2144|2241|1
2145|2403|2
2146|2236|1
2147|2226|1
2148|2224|1
2149|2222|1
2150|2219|1
2151|2217|1
2152|2212|1
2167|2973|2
2169|1835|1
2171|3173|1
2179|3226|1
2181|3228|1
2183|3225|2
2184|3230|2
2187|3233|2
2188|3234|2
2191|3236|2
2193|3238|1
2197|3241|2
2209|3253|2
2213|3257|2
2227|3260|2
2228|3261|2
2233|3272|2
2242|3281|2
2253|3289|1
2258|3293|2
2260|3251|1
2261|3250|1
2262|3249|1
2263|3248|1
2264|3247|1
2265|3246|1
2266|3245|1
2267|3244|1
2269|3242|1
2270|3240|1
2271|3232|1
2272|3231|1
2273|3229|1
2274|3227|1
2275|3286|1
2277|3282|1
2278|3280|1
2279|3278|1
2327|3273|2
7588|9271|1
2335|3305|2
2339|3306|2
2288|3256|1
2289|3255|1
2290|3254|1
2343|3311|2
2347|3314|2
2293|3288|1
2352|3345|2
2295|3292|2
2296|3290|1
2297|3287|1
2299|3284|1
3540|4292|2
2301|3279|2
7632|9288|1
2303|3276|2
2304|3275|1
2305|3274|1
2306|3271|1
2307|3270|1
2308|3269|2
2309|3268|2
2310|3267|1
2311|3266|1
2312|3265|1
2313|3264|1
2314|3262|1
2315|3291|1
2581|3567|2
2317|3294|1
2586|3571|2
2319|3295|1
2320|3296|1
2321|3297|1
2364|3350|2
2323|3298|1
2368|3355|2
2372|3359|2
2376|3363|2
2380|2694|1
2384|2693|1
2388|2897|2
3541|4298|2
2396|2698|1
2400|2709|1
2404|2716|1
2408|2965|2
2411|2968|2
2415|2715|1
2418|2702|1
2421|2733|1
2424|2721|1
2427|3222|2
7653|9282|1
2436|3407|1
2439|3410|1
7737|9328|1
3542|4252|2
3544|4306|2
7797|9393|2
3545|4307|2
7830|9403|2
2480|3476|2
2612|3596|2
3546|4308|2
7869|9424|2
2499|3502|2
2500|3503|2
3548|4309|2
7899|9441|2
2503|3505|1
2505|3507|1
3551|4312|2
2615|3598|2
2508|3509|1
7941|9463|2
3555|4318|2
3557|4338|2
3558|4339|2
2619|3603|2
2620|3604|2
2622|3606|1
2521|3522|2
2623|3607|1
2624|3608|1
2526|3521|2
2625|3609|1
2528|3518|2
3559|4340|2
3560|4341|2
2628|3610|1
2533|3524|2
2534|3523|2
8053|9530|2
2536|3528|2
2537|3529|2
2538|3526|2
2539|3530|2
2540|3531|1
2541|3532|1
2542|3533|1
2543|3534|1
2544|3535|1
2545|3536|2
2546|3537|2
2547|3538|2
2548|3539|2
8081|9553|2
2629|3611|1
8095|9563|2
2553|3542|2
8109|9508|2
8123|9481|2
8137|9569|2
8151|9583|2
2558|3547|2
2630|3612|1
3561|4342|2
3562|4310|2
8207|9622|2
2632|3613|1
8221|9634|1
8259|9677|2
2633|3614|1
2634|3615|1
2635|3616|1
2636|3617|1
2637|3618|1
2638|3619|1
2639|3620|1
2640|3621|1
2641|3622|1
2642|3623|1
2643|3624|1
2644|3625|1
2645|3626|1
2646|3627|1
2647|3628|1
3563|4343|2
2649|3630|1
3564|4344|2
3565|4345|2
4047|5931|2
4048|5934|2
4049|5935|2
4050|5940|2
4051|5943|2
8270|9689|2
2658|3599|2
4052|5946|2
8281|9606|2
2670|3644|2
2676|3648|2
2677|3649|2
2680|3650|2
2681|3652|2
2683|3654|2
2685|3656|2
2686|3657|2
2687|3655|2
2689|3659|2
2693|3663|2
2694|3664|2
2695|3665|2
2696|3666|2
3566|4346|2
3567|4347|2
3568|4348|2
3570|4350|2
3571|4361|2
3572|4365|2
3573|4369|2
3575|3678|2
3577|3684|2
2725|3726|2
2717|3705|2
3578|4349|2
3579|3694|2
2720|3721|2
2721|3722|2
2722|3723|2
2728|3729|2
2731|3731|2
2734|3734|2
2737|3737|2
2740|3740|2
2745|3750|2
2747|3758|2
3580|3672|2
3581|4373|2
2753|3767|2
2755|3769|2
2757|3771|2
3582|4374|2
3583|4375|2
2763|3777|2
3584|4376|2
2767|3781|2
2771|3785|2
2775|3783|2
2777|3790|2
7654|9295|1
2781|3794|2
2783|3796|2
2785|3798|2
2787|3800|2
2788|3801|2
2790|3802|2
4165|6401|1
2792|3795|2
2793|3793|2
2794|3792|2
2795|3791|2
2796|3766|2
2797|3803|2
2798|3779|2
2799|3775|2
2800|3773|2
2801|3804|2
2802|3805|2
7696|9307|1
2804|3807|2
2805|3808|2
2806|3806|2
2807|3809|2
2808|3810|2
2809|3811|2
3601|4242|2
2811|3813|2
2812|3814|2
2813|3815|2
3637|4568|1
2815|3817|2
3638|4569|1
3639|4570|1
2818|3819|2
3643|4571|1
3644|4574|1
3645|4577|1
3653|4588|1
2823|3823|2
3663|4598|1
2825|3728|2
3668|4603|1
3679|4760|1
3680|4769|1
3681|4770|1
2830|3827|2
3682|4774|1
3683|4812|1
3684|4821|1
2834|3812|2
3686|4866|1
3687|4868|1
3688|4869|1
4030|5923|1
3694|4907|1
3695|4906|1
3696|4822|1
3697|4905|1
7758|9338|1
3698|4912|1
3699|4931|1
3700|4932|1
3701|4933|1
3702|4934|1
3703|4935|1
3704|4936|1
3705|4937|1
3706|4938|1
3709|4940|1
3712|4939|1
2857|3850|2
2858|3849|2
2859|3848|2
2860|3847|2
2861|3846|2
2862|3845|2
2863|3844|2
2864|3843|2
2865|3842|2
3713|4941|1
3714|4942|1
3716|4944|1
2870|3837|2
2871|3836|2
2872|3835|2
2873|3834|2
2874|3833|2
2876|3831|2
2877|3830|2
2880|3826|2
2881|3825|2
2882|3824|2
2883|3822|2
2884|3821|2
2885|3820|2
2886|3838|2
2887|3832|2
2894|3851|2
2895|3852|2
2896|3853|2
2897|3854|2
2898|3855|2
2899|3856|2
2903|3859|2
2906|3861|2
2907|3860|2
2908|3858|2
2909|3857|2
2910|3862|2
2911|3863|2
2912|3864|2
2913|3865|2
2914|3866|2
2917|3868|2
2918|3867|2
2921|3869|2
2922|3870|2
2949|3892|2
2950|3893|2
2951|3894|2
2952|3895|2
2953|3896|2
2955|3898|2
2957|3899|2
2958|3900|2
2961|3902|2
2962|3901|2
2963|3897|2
2965|3904|2
2968|3905|2
2972|3906|2
2975|3907|2
2979|3908|2
2980|3909|2
2981|3910|2
2995|3915|2
3003|3911|2
3004|3913|2
3010|3916|2
3013|3919|2
3014|3920|2
3015|3921|2
3017|3922|2
3019|3923|2
3022|3924|2
3024|3925|2
3025|3926|2
3027|3927|2
3028|3917|2
3031|3928|2
3717|4945|1
3036|3931|2
3037|3930|2
3718|4946|1
3039|3932|2
3040|3933|2
3041|3934|2
3719|4947|1
3720|4948|1
3044|3935|2
3721|4949|1
3722|4950|1
3047|3936|2
3723|4951|1
3049|3937|2
3724|4952|1
3051|3938|2
3052|3929|2
3725|4953|1
3054|3939|2
3726|4954|1
3727|4955|1
3728|4956|1
3058|3950|2
3059|3951|2
3729|4957|1
3061|3952|2
3731|5005|1
3063|3953|2
3732|5006|1
3065|3955|2
3733|5007|1
3734|5008|1
3068|3956|2
3735|5009|1
3070|3957|2
3736|5010|1
3072|3958|2
3073|3959|2
3074|3960|2
3075|3961|2
3076|3962|2
3077|3963|2
3078|3964|2
3737|5011|1
3080|3966|2
3081|3967|2
3082|3968|2
3083|3969|2
3084|3970|2
3085|3971|2
3738|5012|1
3739|5013|1
3088|3973|2
3740|5014|1
3090|3975|2
3741|5015|1
3742|5016|1
3743|5017|1
3094|3979|2
3744|5018|1
3745|5019|1
3097|3977|2
3098|3840|2
3099|3841|2
3100|3981|2
3101|3982|2
4033|5927|2
3103|3983|2
3104|3978|2
3105|3976|2
3106|3974|2
3107|3972|2
3109|3949|2
3110|3948|2
3111|3871|2
3112|3872|2
3113|3873|2
3114|3874|2
3115|3875|2
3116|3876|2
3117|3877|2
3118|3878|2
3119|3879|2
3120|3880|2
3121|3881|2
3122|3882|2
3123|3883|2
3124|3884|2
3125|3885|2
3126|3886|2
3127|3887|2
3128|3888|2
3129|3889|2
3130|3890|2
3131|3993|2
3132|4005|2
3133|4006|2
3134|4007|2
3135|4008|2
3136|4010|2
3137|4017|2
3138|4018|2
3139|4019|2
3140|4020|2
3141|4021|1
7613|9283|2
3143|4023|1
3144|4022|1
3145|4024|1
3146|4025|1
3148|4027|1
3149|4028|1
3150|4029|1
3151|4030|1
3152|4031|1
7655|9281|1
3154|4033|1
3155|4034|2
3156|4035|1
3157|4036|1
3158|4037|1
3159|4038|1
3160|4039|1
3161|4040|1
3162|4041|1
7676|9300|1
3164|4043|1
3165|4044|1
3166|4045|1
3167|4046|1
3171|4050|1
3172|4049|1
3173|4047|1
3174|4051|1
3175|4052|1
3176|4053|1
3178|4055|1
3179|4056|1
3180|4057|1
7779|9317|2
3182|4059|1
3183|4060|1
3184|4061|1
3186|4063|1
7831|9402|2
3189|4066|1
7846|9412|2
7855|9416|2
7870|9422|2
7885|9432|2
3196|4073|1
7928|9456|2
7942|9457|2
7956|9472|2
8054|9531|2
8068|9543|2
8082|9554|2
8096|9516|2
8110|9507|2
8124|9482|2
8138|9570|2
8194|9625|2
8208|9624|2
8222|9635|1
8282|9605|2
3227|4100|2
3228|4101|2
3237|4110|1
3265|4135|1
3266|4084|1
3267|4136|1
3268|4137|1
3270|4138|1
3272|4140|1
3274|4129|1
3275|4042|1
3276|4048|1
3277|4054|1
3746|5020|1
3279|4065|1
3281|4058|1
3282|4062|1
3283|4068|1
3284|4074|1
3287|4124|1
4166|6402|1
3289|4126|1
3290|4127|1
3291|4128|1
3292|4130|1
7656|9277|1
3294|4133|1
3296|4134|1
7698|9309|1
7719|9319|1
3747|5021|1
7760|9339|1
7799|9394|2
7816|9401|2
7832|9399|2
4034|5926|2
7871|9420|2
3748|5022|1
7901|9442|2
3749|5024|1
3314|4161|1
7915|9450|2
3750|5027|1
3317|4163|1
3318|4164|1
3319|4165|1
3321|4167|1
7943|9464|2
3323|4169|1
3324|4170|1
3751|5028|1
7957|9471|2
3327|4173|1
3328|4174|1
8027|9510|2
3752|5038|1
3335|4181|1
3337|4183|2
8055|9532|2
3339|4184|1
3340|4185|2
3341|4186|2
8069|9544|2
8083|9555|2
3344|3667|2
3345|3668|2
3346|3601|2
3347|3669|2
3348|3671|2
3349|3670|2
3753|5039|1
4056|5954|2
3353|3697|2
8111|9506|2
3355|3698|2
8125|9484|2
8139|9571|2
3359|4192|2
3362|3699|2
3363|3700|2
3364|3701|2
3365|3702|2
3366|3703|2
3367|3704|2
3368|3706|2
3369|3707|2
3370|4195|2
3373|4198|2
8223|9636|1
3375|4200|2
3376|4201|2
8236|9115|1
3378|4202|2
3380|4203|2
3384|4207|2
3385|4208|2
3387|4204|2
3389|4209|2
3390|4210|2
3391|4211|2
3392|4212|2
3393|4213|2
3394|4214|2
3395|4215|2
3397|4217|2
3398|4216|2
3399|4218|2
3401|4220|2
3402|4221|2
3403|4222|2
3404|4223|2
3405|4224|2
3408|4225|2
3410|4227|2
3413|4226|2
3414|4219|2
3415|4206|2
3416|4199|2
3417|4229|2
3422|4232|2
3423|4231|2
3424|4233|2
3427|4234|2
3428|4235|2
3429|4236|2
3430|4237|2
3431|4238|2
3432|4239|2
3433|4230|2
3434|4240|2
3435|4241|2
3438|4243|2
3440|4245|2
3443|4244|2
3447|4250|2
3448|4247|2
3449|4251|2
3451|4253|2
3452|4254|2
3454|4255|2
3455|4256|2
3456|4257|2
3457|4258|2
3458|4259|2
3459|4260|2
3460|4261|2
3464|4262|2
3466|4263|2
3468|4264|2
3469|4266|2
3470|4249|2
3471|4271|2
3473|4274|2
3474|4275|2
3475|4276|2
3476|4273|2
3477|4279|2
3478|4282|2
3479|4283|2
3480|4284|2
3481|4285|2
3482|4286|2
3483|4287|2
3484|4288|2
3487|4289|2
3488|4197|2
3489|4180|1
3490|4171|1
3492|4132|1
3494|4064|1
3495|3980|2
3496|3965|2
3497|3954|2
3498|3828|2
3499|4248|2
3500|3818|2
3501|3787|2
3502|3774|2
3503|3653|2
3505|3631|1
3506|3629|1
3507|3602|2
3508|3551|2
3509|3508|2
3510|3490|2
3511|3308|2
3512|3283|2
3513|3258|1
4035|5925|2
3855|5390|2
3856|5391|2
4037|5929|2
3858|5393|2
3859|5398|2
3860|5400|2
3861|5402|2
3862|5405|2
3863|5407|2
3864|5409|2
3865|5411|2
3867|5413|2
4038|5930|2
4041|5933|2
3870|5415|2
4042|5932|2
4043|5912|2
4167|6403|1
3874|5416|2
3875|5419|2
3876|5422|2
3877|5424|2
3878|5426|2
3879|5427|2
3880|5414|2
3881|5428|2
3882|5429|2
3883|5430|2
3884|5431|2
3886|5444|2
3887|5445|2
3888|5446|2
3889|5447|2
7657|9275|1
3892|5449|2
7678|9301|1
3894|5451|2
3895|5452|2
3896|5448|2
3897|5450|2
3898|5453|2
3899|5454|2
3900|5455|2
3901|5456|2
3902|5467|2
3903|5472|2
3905|5477|2
3906|5479|2
3909|5485|2
3910|5486|2
3911|5487|2
3912|5488|2
3913|5489|2
3914|5490|2
3916|5491|1
3917|5492|1
3918|5493|1
3919|5494|1
3920|5495|1
3922|5497|1
3923|5496|1
3924|5498|1
3925|5499|1
3926|5507|2
3928|5509|2
3929|5510|2
3930|5511|2
3931|5518|2
3932|5519|2
3933|5532|2
3934|5556|2
3935|5557|2
3936|5558|2
3937|5559|2
3938|5561|2
3939|5562|2
3940|5563|2
3941|5564|2
3942|5565|2
3943|5589|2
3944|5592|2
3945|5593|2
3946|5594|2
3947|5595|2
3948|5596|2
3949|5597|2
3950|5598|2
3951|5599|2
3952|5600|2
3953|5601|2
3956|5604|2
3957|5605|2
3958|5617|2
3959|5618|2
3960|5687|2
3961|5688|2
3962|5689|2
3963|5690|2
3964|5691|2
3965|5697|1
3967|5699|1
3970|5702|1
3971|5703|1
3972|5704|1
3974|5706|1
3975|5707|1
3976|5708|1
3977|5709|1
3983|5710|2
3984|5719|2
3985|5714|2
3986|5711|2
3987|5736|2
3988|5737|2
3990|5768|2
3991|5769|2
3995|5773|2
3997|5777|2
3998|5779|2
3999|5783|2
4002|5789|2
4004|5793|2
4005|5508|2
4007|5808|1
4009|5867|2
4010|5868|2
4011|5869|2
4012|5870|2
4013|5878|2
4014|5879|2
4015|5900|2
4017|5902|2
4019|5904|2
4020|5903|2
4021|5901|2
4022|5905|2
4023|5906|2
4024|5908|2
4025|5909|2
3754|5040|1
3755|5041|1
3756|5043|1
3757|5056|1
3758|5058|1
3759|5059|1
3760|5060|1
3761|5061|1
3762|5062|1
3763|5063|1
3764|5064|1
3765|5065|1
3766|5066|1
3767|5067|1
3768|5068|1
3769|5069|1
3770|5070|1
3771|5071|1
3772|5072|1
3773|5073|1
3774|5074|1
3775|5075|1
3776|5092|1
3777|5093|1
3778|5114|1
3779|5115|1
3780|5116|1
3781|5117|1
3782|5118|1
3783|5119|1
3784|5120|1
3786|5121|1
3788|5154|1
3789|5155|1
3790|5156|1
3791|5157|1
3792|5158|1
3793|5159|1
3794|5160|1
3795|5161|1
3796|5162|1
3797|5163|1
3798|5164|1
3799|5165|1
3800|5166|1
3801|5167|1
3802|5168|1
3803|5169|1
3804|5170|1
4313|6563|1
4314|6556|1
4315|6564|2
4316|6560|2
4317|6562|2
4318|6565|1
4319|6566|1
4320|6567|1
4321|6568|1
4322|6569|2
4323|6570|2
4324|6571|2
4325|6572|2
4326|6573|2
4327|6574|2
4328|6575|2
4331|6577|2
4332|6578|2
7637|9291|1
7658|9273|1
7721|9321|1
7741|9329|1
4339|6579|2
4340|6580|2
4342|6581|2
4343|6582|2
4344|6583|2
4058|5959|2
4059|5963|2
4060|5969|2
4061|5977|2
4062|5978|2
4063|5979|2
4064|5980|2
4168|6404|1
4066|5983|2
4067|5985|2
4068|5986|2
4069|5951|2
4345|6584|2
4071|5806|2
4072|5774|2
4073|5603|2
4074|5947|2
4075|6040|2
4076|6041|2
4077|6053|2
4078|6054|2
4079|6055|2
4080|6056|2
4081|6057|2
4082|6058|1
4083|6059|2
4084|6060|1
4085|6061|2
4086|6062|2
4087|6063|2
4088|6064|2
4089|6065|2
4090|6066|2
4092|6095|2
4093|6096|2
4346|6618|1
4095|6097|1
4096|6098|1
4097|6099|1
4099|6101|1
4100|6102|1
4102|6104|1
4103|6105|1
4104|6106|1
4105|6120|2
4106|6121|2
4107|6122|2
4108|6123|2
4109|6124|2
4110|6125|2
4111|6129|2
4112|6130|2
4170|6405|1
4171|6406|1
4172|6407|1
4173|6408|1
4347|6619|1
4176|6412|1
4348|6620|1
4121|6139|2
4122|6140|2
4123|6158|2
4124|6160|2
4349|6621|1
4179|6415|2
4180|6418|2
4350|6622|1
4137|6185|2
4138|6186|2
4139|6187|2
4182|6419|1
4351|6623|1
4142|6197|2
4146|2466|2
4183|6420|1
4184|4125|1
4352|6103|1
4186|6444|1
4353|6624|1
4354|6625|1
4190|6445|1
4194|6446|1
4195|6449|1
4197|6450|1
4200|6452|1
4202|6451|1
4208|3640|1
4209|3639|1
4210|3635|1
4211|3634|1
4212|6453|1
4215|6482|2
4217|6483|2
4218|6484|2
4219|6485|2
4223|6487|2
4224|6488|2
4226|6490|2
4227|6489|2
4228|6486|2
4229|6491|2
4230|6492|2
4231|6493|2
4232|6494|2
4233|6495|2
4234|6496|2
4235|6497|2
4236|6498|2
4237|6499|2
4238|6500|2
4239|6501|2
4240|6502|2
4241|6503|2
4242|6504|2
4243|6505|2
4244|6506|2
4246|6507|2
4247|6508|2
4251|6509|2
4254|6511|2
4255|6512|2
4256|6513|2
4257|6514|2
4258|6515|2
4259|6516|2
4260|6517|2
4262|6519|2
4263|6520|2
4264|6521|2
4265|6510|2
4266|6522|2
4267|6523|2
4268|6524|2
4269|6525|2
4271|6527|2
4272|6528|2
4273|6529|2
4274|6530|2
4275|6531|2
4276|6532|2
4277|6533|2
4278|6534|2
4279|6535|2
4280|6536|2
4281|6537|2
4282|6538|2
4283|6539|2
4285|6541|2
4286|6542|2
4287|6543|2
4288|6544|2
4290|6545|2
4291|6546|2
4292|6547|2
4293|6548|2
4294|6549|2
4295|6550|2
4297|6551|2
4298|6552|2
4299|6553|2
4300|6554|2
4301|6555|2
4304|6557|1
4305|5484|2
4355|6626|1
4356|6627|1
4357|6628|1
4358|6629|1
4359|6630|1
4360|6631|1
4361|6632|1
4362|6633|1
4363|6634|1
4364|6635|1
4365|6638|1
4366|6641|1
4367|6644|1
4368|6647|1
4369|6649|1
4370|6650|1
4371|6651|1
4372|6680|2
4373|6681|2
4375|6719|2
7680|9303|2
7742|9330|1
7762|9340|1
7848|9413|2
7857|9417|2
7887|9434|2
4392|6840|1
4394|6842|1
4395|6841|1
4396|6839|1
4397|6838|1
4398|6837|1
4400|6843|1
4401|6844|1
4402|6845|1
4403|5700|1
4405|6100|1
4406|6714|2
4407|6860|2
7944|9460|2
4409|6862|2
4411|6864|2
4414|6867|2
4415|6868|2
4416|6863|2
4417|6861|2
4418|6869|2
4419|6878|2
4420|6879|2
4421|6880|2
4422|6881|2
4423|6882|2
4425|5412|2
4426|5701|1
4427|5698|1
4428|5705|1
4429|6918|2
4430|6919|2
4432|6921|2
4433|6920|2
4434|6922|2
4435|6923|2
4436|6924|2
8028|9511|2
8042|9523|2
8056|9533|2
4440|6959|2
4441|6958|2
4442|6960|2
8070|9542|2
8098|9564|2
8112|9505|2
8126|9485|2
8140|9572|2
4450|6984|1
4454|7015|2
4456|6526|2
4457|6558|1
4459|7101|2
4466|1658|1
4468|6400|2
4470|7135|1
4474|2712|1
4475|2692|1
4476|7136|2
4477|2032|2
4478|5948|2
4479|2597|2
4482|1883|2
4483|2291|1
4484|4228|2
4485|4076|1
4486|6072|2
4489|1639|1
4491|1948|2
4492|1947|2
4493|1949|2
4494|1946|2
4496|4178|1
4497|4176|1
4498|7016|2
4510|7190|2
4516|7191|2
4517|7192|2
4518|7193|2
4521|7194|2
4522|7198|2
4526|4194|2
4527|4193|2
4528|3744|2
4543|7202|2
4545|7204|2
4546|7205|2
4547|7206|2
4549|7208|2
4550|7209|2
4551|7210|2
4553|4196|2
4556|1594|2
4558|7211|2
4559|7212|2
4560|7213|2
4561|1418|2
4565|1421|2
4566|1422|2
4567|1423|2
4568|1424|2
4569|1425|2
4571|1427|2
4572|7214|2
4573|1429|2
4574|1432|1
4575|1434|2
4576|1435|2
4578|7215|2
4579|3839|2
4581|4191|1
4582|4190|1
4585|4189|1
4586|4188|1
4587|4187|1
4588|4177|1
4589|4175|1
4590|4168|1
4591|4166|1
4593|4182|1
4594|4179|1
4595|4160|1
4596|4172|1
4598|1444|2
4600|1445|2
4601|1446|2
4602|1447|2
4603|1448|2
4605|1449|2
4606|1450|2
4607|1451|2
4608|1452|2
4609|1453|2
4610|1454|2
4611|1455|2
4612|1456|2
4613|1457|2
4614|1458|2
4641|4871|1
4642|4870|1
4643|4162|1
4644|4159|1
4645|4158|1
4646|4157|1
4647|4155|1
4648|4139|1
4649|4141|1
4650|4142|1
4651|4143|1
4652|4144|1
4653|4145|1
4654|4146|1
4655|4147|1
4656|4148|1
4657|4149|1
4658|4150|1
4659|4154|1
4660|4153|1
4661|4152|1
4662|4151|1
4663|1459|2
4664|1460|2
7595|9272|1
4666|1461|2
4667|1462|2
4668|1463|2
4669|1464|2
4670|1465|2
4671|1466|2
4673|1467|2
4674|1468|2
4675|1469|2
4676|1470|2
4677|1471|2
4679|1472|2
4680|1473|2
4681|1474|2
7660|9268|1
4683|1475|2
4684|1476|2
4685|1477|2
4686|1478|2
4687|1479|2
4689|1480|2
7702|9311|1
4691|1481|2
4692|1482|2
7723|9322|1
4694|1483|2
4696|1484|2
4697|1485|2
4698|1486|2
4699|7217|2
7783|9353|2
4702|4083|1
4707|1487|2
4709|4087|1
4710|4099|1
4711|4094|1
4712|4093|1
4713|4090|1
4714|1488|2
4715|1489|2
4717|1490|2
4721|1491|2
4722|4081|1
4723|1492|2
4724|4069|1
4725|4032|1
4726|1493|2
4728|1494|2
4729|1495|2
4734|4026|1
4735|3816|1
4737|7203|2
4738|7207|2
4739|7134|1
4740|4079|1
4741|4131|1
4742|4113|1
4743|4111|1
4744|4109|1
4745|4104|1
4747|4102|1
4749|4095|1
4750|4091|1
4751|4088|1
4752|4086|1
4753|4098|1
4754|4082|1
4757|4078|1
4758|4075|1
4759|4071|1
4760|4067|1
4761|4123|1
4762|4122|1
4763|4121|1
4764|4120|1
4765|4119|1
4766|4118|1
4767|4117|1
4768|4115|1
4769|4114|1
4771|4112|1
4773|4108|1
4774|4107|1
4776|4105|1
4777|4106|1
4778|4103|1
4779|4097|1
4780|4096|1
4781|4092|1
4782|4089|1
4783|4085|1
4784|4080|1
4785|4077|1
4786|4072|1
4787|4070|1
4789|4116|1
4792|7227|1
4794|2024|1
4798|5602|2
4799|7226|1
4800|7246|2
4801|1499|1
4802|1500|1
4803|1501|1
4805|1502|1
4806|7247|1
4807|1503|1
4808|1504|1
4809|7248|2
4810|1505|1
4811|7252|1
4812|7255|2
4813|7256|2
4815|7268|1
4816|7270|1
4817|7271|2
4818|7272|2
4819|7273|2
4820|7274|2
4825|7275|2
4827|7277|2
4830|7280|2
4834|7276|2
4835|7278|2
4837|7281|2
4871|7315|2
4873|7317|2
4874|7318|2
4876|7316|2
4878|7320|2
4879|7321|2
4880|7322|2
4882|7324|2
4883|7325|2
4887|7328|2
4890|7330|2
4891|7329|2
4892|7279|2
4893|7331|2
4895|7332|2
4897|7334|2
4898|7335|2
4901|7333|2
4904|7327|2
4905|7338|2
4906|7339|2
4907|7340|2
4908|7341|2
4909|7342|2
4910|7343|2
4911|7344|2
4914|7347|2
4915|7345|2
4916|7346|2
4918|7349|2
4919|7350|2
4920|7351|2
4921|7355|2
4923|7356|2
4924|7357|2
4928|7366|2
4931|7375|2
4935|3583|2
4936|3574|2
4937|3575|2
4938|3576|2
4939|3577|2
4940|3578|2
4941|3579|2
4943|3580|2
4944|3582|2
7596|9274|1
4947|7378|2
4948|3584|2
4949|3585|2
4951|3586|2
4952|3593|2
4953|3594|2
4954|3595|2
7640|9290|1
7661|9270|1
4960|3581|2
7764|9341|1
4963|3548|2
4966|3550|2
4967|3552|2
4968|3556|2
4970|3557|2
4971|3558|2
4972|3559|2
4973|3560|2
4974|3561|2
4976|3562|2
4977|3563|2
4978|3569|2
4979|3223|2
4980|3235|2
4981|3252|2
4982|3285|2
4986|3432|1
4987|3432|2
4988|3472|2
4990|3474|2
4991|3492|2
4992|3493|2
4993|3495|2
4994|3496|2
4995|3497|2
4996|3498|2
4997|3499|2
4998|3500|2
4999|3501|2
5000|3504|2
5001|3506|2
5002|3513|2
5003|3514|2
5004|3515|2
5005|3516|2
5006|3517|2
5007|3519|2
5008|3520|2
5009|3525|2
5010|3527|2
5011|3540|2
5012|3541|2
5013|3543|2
5014|3544|2
5015|3545|2
5016|3546|2
5017|3549|2
5018|3553|2
5019|3554|2
5020|3555|2
5021|3597|2
5022|3600|2
5023|3605|2
5024|3641|2
5025|3642|2
5026|3643|2
5027|3645|2
5028|3646|2
5029|3658|2
5030|3660|2
5031|3661|2
5032|3662|2
5037|7384|2
5038|7379|2
5040|7385|2
5041|7386|2
5042|7387|2
5044|7069|1
5045|7383|2
5046|7388|2
5050|7389|2
5051|7390|2
5052|7391|2
5055|7392|2
5061|7407|2
5062|7381|2
5068|7417|2
5069|7418|2
5070|7419|2
5071|7420|2
5072|7435|2
5074|7436|2
5075|7437|2
5076|7438|2
5077|7445|2
5078|1511|2
5079|1512|1
5080|1513|1
5081|1514|1
5114|1515|2
5115|1516|2
5116|1517|2
5117|1518|2
5118|7326|2
5120|7455|2
5121|7456|2
5122|1519|2
5123|1520|2
5124|1521|2
5125|1522|2
5126|1523|2
5128|1524|2
5132|1528|2
5133|1529|2
5134|1530|2
5135|1531|2
5136|1532|2
5138|1534|1
5139|1535|1
5140|1537|2
5141|1538|2
5142|1539|2
5145|7472|1
5147|7473|1
5152|7479|2
5153|7480|2
5154|7481|2
5155|7486|2
5159|7476|1
5160|7462|1
5161|7463|1
5164|7487|1
5166|7488|1
5167|7489|1
5168|7478|1
5169|1540|1
5170|1541|1
5171|1542|1
5173|1543|1
5174|1544|1
5175|1545|1
5176|1546|2
5177|1547|2
5178|1548|2
5179|1549|2
5180|1550|2
5181|1551|2
5182|1552|2
5183|1553|2
5184|1554|2
5186|1555|2
5187|1556|2
5188|1557|2
5189|1558|2
5190|1559|2
5191|1560|2
5193|1561|2
5195|1562|2
5196|1564|2
5197|1565|2
5199|7490|1
5200|1566|2
5202|1567|2
5203|1568|2
5205|7491|1
5208|7492|1
5209|7496|2
5211|7497|2
5212|7377|2
5213|7498|2
5214|7376|2
5215|7380|2
5216|7499|2
5217|7500|2
5218|7501|2
5220|1569|2
5221|1570|2
5222|1573|1
5223|1574|2
5224|1575|2
5225|1576|2
5227|1577|2
5228|1578|2
5238|7515|2
5239|7516|2
5241|7531|1
5244|7533|2
5245|7532|2
5247|1579|2
5248|1580|2
5249|1582|2
5251|1584|1
5252|1585|1
5254|1586|1
5255|1587|1
5256|1588|1
5257|1589|1
5258|1590|1
5259|1591|1
5260|1592|1
5261|1593|1
5263|7282|2
5264|7319|2
5265|7545|2
5266|7546|2
7662|9258|1
5268|7549|1
5269|7552|1
5270|7554|1
5271|7555|1
5272|7556|1
5273|7504|2
7683|9302|1
5275|7503|2
5276|7558|2
5277|7559|2
7704|9312|2
5279|7560|1
5280|7557|1
5281|7561|1
5282|7562|1
5284|7564|2
5285|1598|2
5286|1599|2
5287|1600|2
5288|1601|2
5289|1602|2
5290|7563|1
7745|9331|1
5292|7565|1
5293|7566|2
7784|9354|2
5299|7567|2
7849|9411|2
5302|7569|2
7873|9425|2
7888|9435|2
7903|9443|2
5306|7573|2
5307|7574|2
5308|7575|2
5310|7571|2
5311|7570|2
7931|9458|2
7945|9465|2
5314|7583|1
5315|7585|1
5316|7585|2
8029|9512|2
8043|9524|2
8057|9534|2
8071|9545|2
8099|9477|2
8113|9503|2
8127|9488|2
8141|9573|2
5335|7610|1
5336|7610|2
5339|7611|1
5340|7611|2
5341|7612|1
5342|7612|2
5343|7617|2
8237|9653|2
5346|7631|1
8261|9685|2
5348|7632|1
8272|9690|2
8283|9600|2
5351|7634|1
5355|7637|1
5357|7633|1
5358|7636|1
5359|7635|1
5360|7638|1
5362|7639|1
5363|7646|2
5369|7691|2
5370|7692|2
5372|7693|2
5375|7694|2
5377|7695|2
5379|7696|2
5383|7697|2
5390|7699|2
5391|7700|2
5392|7701|2
5400|7706|1
5402|7707|1
5404|7708|1
5406|7709|1
5408|7710|1
5410|7711|1
5412|7712|1
5414|7705|2
5415|7713|1
5416|7714|1
5420|7717|2
5424|7718|2
5425|7719|2
5426|7716|2
5427|7715|2
5435|7723|2
5436|7724|2
5437|7720|2
5438|7721|2
5439|7722|2
5440|7725|2
5442|7698|2
5447|7572|2
5449|7505|2
5452|3473|2
5459|7799|1
5462|7802|1
5464|7804|1
5466|7806|1
5469|7809|2
5470|7810|2
5471|7811|2
5476|3419|1
5477|3419|2
5481|7733|1
5485|7830|1
5486|7831|1
5490|7829|1
5495|7323|2
5496|7336|2
5513|7874|2
5515|7876|2
5516|7877|2
5519|7880|2
5521|7882|2
5522|7883|2
5523|7884|2
5527|7888|2
5529|7890|2
5533|7885|2
5534|7893|2
7663|9250|1
7705|9310|1
5544|7902|2
5545|7903|2
5546|7904|2
5547|7905|2
7726|9323|1
5550|7908|2
5551|7892|2
5552|7909|2
5553|7910|2
5554|7911|2
5555|7912|2
7766|9342|1
7804|9396|2
5559|7916|2
7835|9407|2
7850|9410|2
5563|7881|2
7859|9418|2
5597|7921|2
7874|9426|2
7946|9466|2
8030|9513|2
8044|9525|2
8058|9535|2
8072|9546|2
8100|9476|2
8114|9502|2
8128|9490|2
8142|9574|2
8198|9613|2
8212|9630|1
8225|9637|1
8284|9582|2
5641|7941|2
5642|7865|2
5643|7866|2
5644|7871|2
5645|7872|2
5647|7894|2
5648|7895|2
5649|7896|2
5650|7897|2
5651|7898|2
5652|7899|2
5653|7900|2
5654|7901|2
5691|7922|2
5696|7943|2
5697|7382|2
5699|7919|2
5700|7931|2
5701|7932|2
5702|7933|2
5703|7934|2
5707|7937|2
5710|7868|2
5712|7944|2
5713|7945|2
5715|7947|2
5717|7938|2
5719|7949|2
5733|7962|2
5771|8000|1
5773|8025|1
5774|8026|1
5775|8027|1
5776|8028|1
5780|8197|1
5781|8198|1
5789|8202|1
5800|8208|1
5804|8207|1
5805|8206|1
5806|8204|1
5807|8199|1
5808|8203|1
5809|8201|1
5812|8210|1
5815|8220|1
5817|8222|1
5820|8224|1
5823|8226|1
5825|8227|1
5827|8229|1
5829|8230|1
5831|8232|1
5833|8233|1
5836|8234|1
5840|8249|1
5842|8250|1
5844|8251|1
5845|7950|1
5846|8200|1
5847|8235|1
5848|7942|2
5849|7946|2
5850|7948|2
5851|7952|2
5852|7953|2
5853|7999|1
5854|7998|2
5855|7997|2
5856|7958|2
5857|7957|2
5858|7956|2
5859|7955|2
5860|7954|2
5861|7769|1
5863|7828|1
5864|7827|1
5865|7826|1
5867|7825|1
5868|7824|1
5869|7808|1
5870|7807|1
5871|7805|1
5872|7803|1
5873|7801|1
5874|7800|1
5875|7798|1
5876|7797|1
5877|7796|1
5878|7795|1
5879|7793|1
5880|7775|1
5881|7832|1
5882|7833|1
5884|7855|2
5885|7863|1
5886|7873|2
5887|7878|2
5888|7879|2
5889|7886|2
5890|7887|2
5891|7889|2
5892|7891|2
5893|7906|2
5895|7913|2
5896|7914|2
5898|7915|2
5899|7917|2
5900|7918|2
5901|7920|2
5902|7923|2
5904|7924|2
5905|7940|2
5906|7939|2
5909|7935|2
5911|7936|2
5912|7928|2
5913|7927|2
5914|7925|2
5915|7926|2
5916|7854|2
5917|7734|1
5918|7732|1
5919|7690|2
5920|7689|2
5921|7688|2
5922|7687|2
5923|7623|2
5924|7624|2
5925|8297|1
7622|9287|1
5928|8300|1
7664|9255|1
7685|9305|1
5932|8302|1
5933|8303|2
7747|9332|1
5938|8305|2
7786|9355|2
7805|9395|2
5942|8307|2
5943|8304|2
5944|8306|2
7836|9406|2
7890|9436|2
7905|9444|2
7919|9452|2
5951|8318|2
7933|9459|2
5953|8321|2
5954|8320|2
5955|8319|2
5956|8322|2
5957|8323|2
7947|9467|2
5960|8329|1
5961|8330|1
5963|8332|1
8031|9514|2
8059|9536|2
5970|8333|1
8073|9547|2
8087|9558|2
5973|8336|1
5974|8335|1
8101|9480|2
8129|9494|2
5978|8338|1
8143|9575|2
8157|9585|2
5981|8339|1
5983|8334|1
8199|9614|2
8213|9629|1
5987|8324|2
5988|8341|2
5989|8342|2
8226|9638|1
5991|8343|2
5993|8344|2
8251|9645|1
5995|8345|2
8263|9686|2
8274|9691|2
8285|9557|2
5999|8347|2
6002|8395|2
6003|8396|2
6006|8298|1
6007|8301|1
6008|8397|2
6009|8337|1
6010|8340|1
6011|8346|2
6015|8404|2
6016|8407|2
6018|8408|2
6019|8409|2
6021|8420|2
6030|8423|2
6031|8422|2
6035|8425|2
6045|8426|2
6046|8419|2
6048|8428|2
6049|8427|2
6050|8429|2
6051|8424|2
6052|8421|2
6056|8432|2
6058|8431|2
6059|8430|2
6062|8435|2
6063|8434|2
6078|8439|2
6084|8438|2
6090|8433|2
6091|8437|2
6092|8443|2
6093|8436|2
6095|8440|2
6096|8442|2
6097|8441|2
6099|8444|2
6101|8445|2
6103|6981|1
6105|6983|1
6109|8452|2
6112|8453|2
6113|8454|2
6114|8455|1
6124|8458|2
6127|8462|2
6130|8463|2
6136|8465|1
6140|8464|2
6148|8468|2
6150|8469|2
6152|8466|1
6156|8460|2
6159|8471|2
6162|8472|2
6166|8476|2
6167|8474|2
6168|8477|2
6170|8478|2
6176|8481|2
6178|8482|2
6180|8483|2
6183|8485|2
6184|8480|2
6186|8475|2
6188|8486|2
6189|8456|1
6190|8457|1
6191|8484|2
6192|8479|2
6194|8487|1
6205|8489|2
6206|8488|2
6207|8491|2
6208|8492|2
6211|8504|1
6213|8507|2
6216|8522|2
7623|9286|1
6218|8523|2
7644|9289|1
7665|9294|1
6222|8528|2
7707|9313|1
6224|8530|2
7728|9324|1
7768|9343|1
6228|8532|2
6230|8533|2
7876|9428|2
7891|9437|2
6238|8531|2
6241|8509|2
6242|8524|2
7948|9468|2
8004|9475|2
6248|8593|1
8032|9515|2
8060|9537|2
8088|9559|2
8102|9562|2
8116|9500|2
8130|9495|2
8144|9576|2
8158|9599|2
8200|9617|2
8227|9639|1
8240|9654|2
8252|9644|1
8286|9556|2
6295|8605|1
6301|8591|2
6302|8597|1
6307|8603|1
6308|8598|1
6309|8599|1
6311|8534|2
6318|8602|2
6320|8535|2
6321|8557|2
6322|8604|2
6324|8601|2
6325|8600|2
6326|8596|2
6327|8595|2
6328|8594|2
6329|8592|2
6334|8607|1
6337|8610|1
6339|8612|1
6340|8613|1
6341|8614|1
6343|8616|2
6345|8617|2
6346|8348|2
6347|8608|2
6348|8609|2
6350|8618|2
6356|8622|2
6358|8623|2
6360|8624|2
6361|8625|2
6367|8619|2
6368|8628|2
6370|8629|2
6377|8631|2
6382|8632|2
6386|8635|2
6389|8638|2
6399|8643|2
6405|8642|2
6412|8646|2
6413|8647|2
6415|8648|2
6417|8649|2
6419|8627|2
6420|8634|2
6422|8636|2
6424|8630|2
6425|8620|1
6426|8621|1
6428|8651|2
6432|8652|2
6435|8653|2
6437|8654|2
6439|8655|2
6444|8657|2
6446|8658|2
6448|8659|2
6450|8660|2
6452|8662|2
6454|8663|2
6456|8664|2
6458|8665|2
6460|8666|2
6462|8667|2
6464|8668|2
6475|8671|2
6477|8673|2
6478|8674|2
6484|8675|2
6485|8677|2
6487|8678|2
6490|8679|2
6493|8681|2
6495|8682|2
6498|8676|2
6500|8680|2
6501|8683|2
6503|8684|2
6505|8685|2
6506|8686|2
6508|8687|2
7624|9280|1
6511|8688|2
6513|8689|2
6515|8690|2
6517|8691|2
7749|9333|1
6520|8692|2
6522|8693|2
6523|8694|2
6525|8695|2
6528|8696|2
6530|8697|2
7862|9419|2
7877|9427|2
6533|8698|2
6535|8699|2
6536|8700|2
6537|8701|2
7907|9445|2
6539|8703|2
7921|9451|2
7949|9433|2
6543|8706|2
6544|8702|2
6548|8707|2
6549|8709|2
6550|8710|2
8005|9492|2
6553|8713|2
6554|8714|2
6555|8715|2
8061|9538|2
6561|8721|2
6562|8722|2
6564|8724|2
8117|9499|2
8131|9496|2
8145|9577|2
6568|8727|2
8201|9620|2
6606|8728|2
8228|9640|1
6609|8767|2
6611|8769|2
6612|8765|2
8276|9692|2
8287|9560|2
6616|8771|2
6622|8772|2
6624|8773|2
6626|8774|2
6630|8775|2
6634|8777|2
6635|8776|2
6636|8770|2
6638|8723|2
6639|8720|2
6640|8768|2
6644|8764|2
6647|8778|2
6649|8712|2
6650|8763|2
6651|8779|2
6652|8766|2
6653|8730|2
6654|8729|2
6655|8725|2
6656|8719|2
6657|8718|2
6658|8717|2
6659|8716|2
6660|8711|2
6661|8708|2
6745|8828|2
6747|8829|2
6749|8830|2
6755|8831|2
6760|8832|2
6761|8833|2
6762|8834|2
6763|8835|2
6764|8836|2
6765|8837|2
6766|8838|2
6767|8839|2
6768|8840|2
6769|8841|2
6770|8842|2
6771|8843|2
6773|8845|2
6774|8846|2
6777|8848|2
6778|8849|2
6779|8850|2
6781|8847|2
6783|8853|2
6784|8854|2
6785|8855|2
6786|8856|2
6787|8857|2
6790|8859|2
6791|8860|2
6792|8861|2
6793|8862|2
6794|8863|2
6796|8865|2
6797|8866|2
6798|8867|2
6799|8868|2
6800|8869|2
6803|8871|2
6804|8870|2
6809|8873|2
6810|8872|2
6815|8874|2
6817|8875|2
6821|8877|2
6823|8880|2
6825|8876|2
6827|8881|2
6829|8886|2
6831|8888|2
7625|9279|1
6833|8889|2
6835|8890|2
6836|8864|2
6838|8893|2
7709|9315|1
7730|9325|1
6842|8898|1
6843|8895|1
6844|8903|1
7770|9344|1
7789|9383|1
7808|9397|2
6850|8907|1
7893|9439|2
6855|8906|1
7922|9453|2
6858|8909|1
6859|8910|1
6860|8911|1
7978|9483|2
7992|9491|2
8006|9493|2
6867|8912|1
8048|9527|2
8062|9539|2
6872|8916|1
8076|9549|2
8090|9561|2
8104|9526|2
8118|9498|2
8132|9501|2
8146|9579|2
8216|9631|1
8266|9687|2
8288|9552|2
6953|8957|1
6954|8958|1
6961|8961|1
6963|8964|1
7002|8965|1
7003|8999|1
7007|9000|1
7010|9002|1
7011|9003|1
7035|8959|1
7043|9001|1
7045|8998|1
7046|8963|1
7047|8954|1
7048|8953|1
7049|8952|1
7050|8951|1
7051|8950|1
7053|8949|1
7054|8948|1
7055|8947|1
7056|8946|1
7057|8945|1
7058|8944|1
7059|8943|1
7060|8942|1
7061|8941|1
7062|8940|1
7063|8939|1
7064|8938|1
7065|8937|1
7066|8936|1
7067|8935|1
7068|8934|1
7069|8933|1
7070|8932|1
7071|8931|1
7072|8930|1
7073|8929|1
7074|8928|1
7075|8927|1
7076|8926|1
7077|8925|1
7078|8924|1
7079|8923|1
7080|8922|1
7081|8921|1
7082|8920|1
7083|8919|1
7084|8918|1
7085|8917|1
7086|8915|1
7087|8914|1
7088|8913|1
7089|8851|2
7091|8858|2
7092|8656|2
7093|8670|2
7094|8645|2
7095|8672|2
7097|8852|2
7098|8637|2
7099|8633|2
7100|8844|2
7101|8641|2
7102|8640|2
7103|8639|2
7104|8644|2
7105|8669|2
7107|8827|2
7108|8826|2
7109|8825|2
7110|8824|2
7111|8823|2
7112|8822|2
7113|8821|2
7114|8820|2
7115|8819|2
7116|8818|2
7117|8817|2
7118|8816|2
7119|8815|2
7120|8814|2
7121|8813|2
7122|8812|2
7123|8780|2
7124|8781|2
7125|8782|2
7126|8783|2
7127|8784|2
7128|8785|2
7129|8786|2
7130|8787|2
7131|8788|2
7132|8789|2
7133|8790|2
7134|8791|2
7135|8792|2
7136|8793|2
7137|8794|2
7138|8795|2
7139|8796|2
7140|8797|2
7141|8798|2
7142|8799|2
7143|8800|2
7144|8801|2
7145|8802|2
7146|8803|2
7147|8804|2
7148|8805|2
7149|8806|2
7150|8807|2
7151|8808|2
7152|8809|2
7153|8810|2
7154|8811|2
7626|9276|1
7647|9293|1
7158|9019|1
7689|9304|2
7751|9334|1
7790|9384|1
7879|9429|2
7171|9033|2
7894|9438|2
7909|9446|2
7174|9034|2
7951|9469|2
7993|9487|2
8007|9489|2
8021|9504|2
7183|9013|1
7184|9012|1
7185|9011|1
7186|9010|1
7187|9009|1
7188|9008|1
7189|9007|1
7190|9006|1
7191|9005|1
7192|9004|1
8035|9518|2
8063|9540|2
8105|9522|2
8119|9497|2
8133|9565|2
8230|9641|1
8289|9551|2
7223|9053|1
7225|9054|1
7227|9055|1
7229|9056|1
7234|9059|1
7238|9061|1
7240|9062|1
7241|9063|1
7246|9065|1
7249|9067|1
7250|9068|1
7252|9069|1
7255|9064|1
7257|9070|1
7258|9066|1
7259|9060|1
7260|9058|1
7261|9057|1
7262|9052|1
7264|9035|1
7265|9036|1
7266|9037|1
7267|9038|1
7268|9039|1
7269|9076|2
7271|9077|2
7272|9080|2
7308|9081|2
7310|9084|2
7312|9086|2
7313|9087|2
7314|9085|1
7315|9083|2
7317|9082|2
7318|9116|2
7320|9117|2
7324|9119|2
7330|9121|2
7332|9132|2
7337|9146|2
7344|9149|2
7346|9150|2
7348|9151|2
7351|9152|2
7352|9147|2
7359|9154|2
7367|9159|2
7370|9160|2
7372|9157|2
7374|9155|2
7375|9120|2
7376|9158|2
7377|9156|2
7379|9153|2
7380|9148|2
7382|9139|2
7383|9118|2
7388|9165|2
7391|9166|2
7392|9167|2
7394|9168|2
7395|9163|2
7397|9169|2
7399|9170|2
7401|9171|2
7403|9172|2
7409|9175|2
7411|9164|2
7413|9174|2
7414|9176|2
7415|9173|2
7420|9191|2
7421|9192|2
7423|9193|2
7425|9194|2
7426|9190|2
7427|9195|2
7429|9196|2
7431|9197|2
7432|9198|2
7438|9201|2
7440|9202|2
7442|9203|2
7443|9200|2
7445|9204|2
7446|9210|1
7448|9211|1
7450|9212|1
7452|9213|1
7454|9214|1
7459|9215|1
7460|9216|1
7464|9218|1
7465|9217|1
7467|9219|1
7469|9220|1
7627|9266|1
7648|9285|2
7478|9221|1
7479|9223|1
7669|9297|1
7690|9306|1
7482|9224|1
7483|9225|1
7711|9314|2
7485|9226|1
7732|9320|1
7487|9227|1
7772|9345|1
7810|9398|2
7492|9229|1
7494|9230|1
7495|9228|1
7497|9231|1
7865|9421|2
7880|9430|2
7910|9447|2
7502|9233|1
7503|9199|2
7504|9232|1
7924|9454|2
7506|9234|1
7938|9461|2
7508|9235|1
7510|9236|1
7512|9237|1
7514|9238|1
7516|9239|1
8008|9486|2
7518|9240|1
7520|9241|1
8036|9519|2
7522|9242|1
7524|9244|1
8050|9528|2
7526|9245|1
7529|9246|1
8106|9520|2
8120|9473|2
8134|9566|2
7534|9248|1
7535|9247|1
7538|9249|1
7542|9251|1
7544|9252|1
7546|9253|1
8231|9642|1
7548|9254|1
8256|9676|2
7552|9256|1
8268|9688|2
8279|9693|2
7555|9257|1
8290|9548|2
8292|9699|1
7559|9259|1
7562|9260|1
8295|9776|2
7564|9261|1
7566|9262|1
8297|9877|2
8298|9878|2
7571|9264|1
8301|9879|2
7574|9265|1
7579|9267|1
8306|9886|2
8307|9897|1
8318|9902|1
8320|9903|1
8322|9905|1
8327|9907|1
8333|9910|1
8339|9919|1
8341|9898|1
8342|9899|1
8343|9901|1
8344|9906|1
8345|9908|1
8346|9909|1
8347|9911|1
8348|9912|1
8349|9920|1
8358|9942|2
8359|9941|1
8360|9941|2
8362|9949|1
8373|9955|1
8374|9954|1
8375|9950|1
8377|9956|1
8383|9962|1
8391|9986|1
8392|9987|1
8423|10020|1
8439|10033|1
8448|10055|2
8451|10058|2
8454|10059|2
8456|10060|2
8457|9584|2
8459|10064|2
8461|10066|1
8462|10067|1
8463|10069|1
8465|10072|2
8466|9881|2
8467|9880|2
8474|10077|1
8475|10076|1
8476|10080|2
8479|10081|2
8481|10082|2
8483|10083|2
8485|10084|2
8488|10085|2
8489|10056|1
8490|10056|2
8491|10049|1
8492|10048|1
8493|10047|1
8494|10046|1
8495|10045|1
8496|9982|1
8497|10087|1
8498|9983|1
8500|9985|1
8501|9964|1
8502|9960|1
8503|10088|1
8504|9963|1
8506|9984|1
8507|9988|1
8508|9989|1
8509|10089|1
8511|9990|1
8513|10001|1
8514|10000|1
8515|10090|1
8517|10002|1
8518|10003|1
8519|10004|1
8520|10005|1
8521|10006|1
8523|10007|1
8525|10008|1
8526|10009|1
8527|10092|1
8529|10010|1
8530|10011|1
8531|10012|1
8532|10013|1
8533|10014|1
8534|10093|1
8535|10017|1
8538|10019|1
8539|10015|1
8540|10016|1
8541|10022|1
8542|10023|1
8543|10021|1
8544|10094|1
8545|10024|1
8547|10025|1
8548|10026|1
8549|10027|1
8550|10028|1
8551|10029|1
8554|10030|1
8555|10031|1
8556|10032|1
8558|10034|1
8559|10096|1
8560|10035|1
8561|10095|1
8563|10097|1
8566|10099|1
8568|10100|1
8572|10137|1
8573|10138|1
8575|10078|1
8577|10190|1
8578|10191|1
8579|10192|1
8581|10193|1
8583|10213|1
8584|10214|1
8585|10215|1
8586|10216|1
8587|10217|1
8588|10218|1
8589|10219|1
8590|10220|1
8591|10221|1
8592|10222|1
8593|10223|1
8594|10224|1
8595|10225|1
8596|10226|1
8597|10227|1
8598|10228|1
8599|10229|1
8600|10231|1
8601|10232|1
8602|10234|1
8603|10235|1
8604|10237|1
8605|10238|1
8606|10240|1
8607|10241|1
8610|10245|1
8611|10246|1
8612|10247|1
8613|10248|1
8614|10249|1
8633|10296|1
8638|10302|1
8624|10287|1
8625|10288|1
8626|10289|1
8627|10290|1
8628|10291|1
8632|10295|1
8641|10305|1
8631|10294|1
8634|10297|1
8635|10298|1
8636|10300|1
8637|10301|1
8639|10303|1
8640|10304|1
8644|10308|1
8646|10310|1
8651|10321|1
8652|10322|1
8653|10323|1
8654|10325|2
8655|10327|2
8657|10329|2
8658|10332|2
8659|10333|2
8661|10335|2
8662|10336|2
8664|10349|2
8665|10350|1
8666|10351|2
8668|10353|2
8669|10354|2
8670|10355|2
8671|10356|2
8672|10357|2
8675|10360|2
8676|10361|2
8677|10362|2
8680|10367|2
8681|10368|2
8682|10369|2
8683|10370|2
8684|10371|2
8685|10372|2
8686|10373|2
8687|10374|2
8688|10375|2
8689|10376|2
8690|10377|2
8691|10378|2
8692|10379|2
8693|10380|2
8694|10381|1
8696|10383|2
8698|10385|2
8699|10386|2
8700|10387|2
8701|10398|2
8702|10399|2
8703|10400|2
8704|10401|2
8705|10402|2
8707|10403|2
8708|10404|2
8709|10405|2
8710|10406|2
8711|10407|2
8712|10408|2
8713|10409|2
8714|10410|2
8715|10411|2
8717|10416|2
8718|10417|2
8719|10418|2
8720|10419|2
8724|10423|1
8725|10424|1
8729|10311|1
8730|10430|2
8732|10431|2
8733|10432|2
8734|10433|2
8735|10434|2
8736|10435|2
8737|10436|2
8738|10437|2
8739|10438|2
8740|10439|2
8741|10440|2
8742|10441|2
8744|10443|2
8745|10444|2
8747|10445|2
8748|10446|2
8749|10447|2
8750|10448|2
8751|10449|2
8752|10450|2
8753|10451|2
8754|10452|2
8755|10453|2
8756|10454|1
8761|10285|1
8763|10284|1
8764|10455|2
8765|10456|2
8766|10457|2
8767|10458|2
8768|10459|2
8771|10461|2
8772|10462|2
8773|10463|2
8774|10464|2
8776|10465|2
8777|10466|1
8778|10467|1
8780|10469|1
8781|10470|2
8782|10471|2
8783|10472|2
8784|10473|2
8785|10474|2
8786|10475|2
8787|10476|2
8788|10477|2
8789|10478|2
8791|10479|2
8792|10480|2
8793|10481|2
8794|10482|2
8795|10483|2
8796|10484|2
8797|10485|2
8798|10486|2
8799|10487|2
8801|10529|1
8802|10530|1
8803|10531|1
8804|10532|1
8805|10533|1
8806|10534|1
8807|10535|1
8808|10536|1
8809|10537|1
8810|10538|1
8811|10442|2
8812|10539|1
8813|10540|1
8814|10541|1
8815|10542|1
8816|10543|1
8817|10544|1
8818|10545|1
8819|10546|1
8820|10547|1
8821|10548|1
8822|10549|1
8823|10550|1
8824|10551|1
8825|10552|1
8826|10553|1
8827|10554|1
8828|10555|1
8829|10556|1
8830|10557|1
8834|10560|1
8832|10558|1
8833|10559|1
8835|10561|1
8836|10562|1
8838|10564|1
8837|10563|1
8839|10565|1
8840|10566|1
8841|10567|1
8843|10569|1
8842|10568|1
8844|10359|2
8845|10358|2
8846|10250|1
8847|10242|1
8848|10413|2
8849|10313|2
8850|10460|2
8851|10602|1
8852|10603|1
8853|10343|2
8854|10426|1
8855|10352|1
8856|10382|1
8857|10384|1
8858|10425|1
8862|10243|1
8868|10615|2
8882|10633|1
8883|10634|1
8885|10636|1
8886|10637|1
8888|10638|1
8889|10635|1
8890|10639|1
8894|10091|1
8899|10649|1
8900|10650|1
8901|10651|1
8902|10652|1
8903|10653|1
8904|10654|1
8905|10655|1
8906|10429|1
8907|10468|1
8908|10626|2
8909|9761|1
8910|10657|1
8911|10657|2
8912|10624|2
8913|10627|2
8914|10628|2
8915|10629|2
8916|10630|2
8917|10631|2
8918|10632|2
8920|10700|2
8921|10701|2
8922|10101|1
8923|10098|1
8924|10203|1
8926|10279|1
8928|10281|1
8929|10280|1
8931|10282|1
8932|10283|1
8933|10286|1
8934|10293|1
8936|10307|1
8937|10306|1
8938|10309|1
8939|10292|1
8940|10705|1
8941|10018|1
8943|10706|1
8944|10707|1
8945|10708|1
8946|10709|2
8947|10710|2
8949|10713|1
8950|10729|2
8952|10731|2
8953|10732|2
8954|10733|2
8955|10734|2
8956|10735|2
8957|10736|1
8958|10737|1
8959|10738|1
8960|10739|1
8961|10740|1
8963|10741|1
8964|10742|1
8966|10755|2
8967|10753|2
8968|10760|1
8969|10761|1
8971|10762|1
8975|10765|1
8976|10764|1
8978|10778|1
8979|10788|2
8980|10181|1
8981|10796|1
8982|10797|1
8983|10798|1
8984|10799|1
8985|10800|1
8987|10801|2
8988|10802|2
8989|10803|2
8990|10804|2
8991|10807|2
8995|10837|1
8996|10838|1
8998|10840|2
8999|10841|2
9001|10842|2
9003|10844|1
9004|10845|1
9009|10848|2
9010|10847|2
9011|10846|2
9013|10849|2
9014|10850|2
9017|10851|2
9018|10853|2
9019|10854|2
9020|10855|2
9025|10857|2
9026|10858|2
9027|10859|2
9028|10860|1
9029|10861|1
9032|10866|2
9035|10869|2
9036|10870|2
9037|10871|2
9038|10872|2
9039|10873|2
9041|10875|2
9042|10876|2
9043|10877|2
9044|10878|2
9045|10879|2
9046|10880|2
9048|10882|2
9049|10881|2
9051|10885|2
9052|10886|2
9054|10888|2
9055|10887|2
9064|10892|2
9065|10890|1
9066|10890|2
9067|10893|2
9070|10894|1
9071|10894|2
9072|10895|2
9073|10896|2
9084|10900|1
9085|10900|2
9086|10901|1
9087|10901|2
9088|10902|1
9089|10902|2
9090|10903|1
9091|10903|2
9109|10908|1
9110|10908|2
9111|10909|1
9112|10909|2
9115|10899|1
9116|10899|2
9117|10898|1
9118|10898|2
9119|10891|1
9120|10891|2
9126|10904|1
9127|10904|2
9137|10917|1
9138|10922|2
9139|10931|1
9140|10918|1
9142|10919|1
9144|10932|1
9160|10946|1
9161|10947|2
9162|10948|2
9203|10971|1
9204|10972|2
9205|10973|2
9206|10974|2
9207|10975|2
9209|10968|1
9210|10965|1
9211|10964|1
9212|10969|1
9213|10963|1
9214|10966|1
9215|10962|1
9216|10959|1
9217|10958|1
9218|10960|1
9224|10945|1
9226|10935|1
9227|10934|1
9228|10933|1
9229|10944|1
9230|10967|1
9231|10942|1
9232|10943|1
9233|10941|1
9234|10940|1
9235|10939|1
9236|10938|1
9237|10936|1
9238|10937|1
9239|10883|1
9241|10856|2
9242|10843|1
9243|10852|2
9271|10999|1
9272|11000|1
9273|11001|1
9274|11002|1
9275|11003|1
9307|11051|1
9308|11054|1
9319|11114|2
9321|11116|2
9323|11117|2
9329|11121|1
9330|11122|1
9331|11123|1
9332|11124|1
9333|11125|1
9334|11126|1
9335|11127|1
9336|11128|1
9337|11129|1
9338|11130|1
9339|11131|1
9340|11132|1
9341|11133|1
9342|11134|1
9343|11135|1
9344|11136|1
9345|11137|1
9347|11139|1
9348|11140|1
9349|11141|1
9351|11143|1
9362|11142|1
9363|11138|1
9559|11293|2
9599|11325|1
9602|11328|1
9614|11294|2
9631|11353|2
9632|11354|2
9633|11355|2
9634|11356|2
9635|11357|2
9640|11362|2
9641|11358|2
9642|11361|2
9643|11359|2
9644|11363|2
9645|11360|2
9647|11364|2
9648|11365|2
9649|11366|2
9650|11367|2
9651|11368|2
9652|11369|2
9653|11370|2
9654|11371|2
9655|11372|2
9656|11373|2
9669|11339|2
9672|11340|2
9676|11387|2
9677|11388|2
9684|11380|2
9686|11333|1
9687|11318|1
9688|11317|1
9689|11319|1
9690|11316|1
9691|11320|1
9692|11321|1
9693|11322|1
9694|11327|1
9695|11330|1
9696|11331|1
9697|11312|1
9698|11311|1
9699|11309|1
9700|11307|1
9701|11305|1
9702|11304|1
9703|11302|1
9704|11300|1
9705|11196|1
9706|11195|1
9707|11194|1
9708|11193|1
9709|11192|1
9710|11190|1
9711|11189|1
9712|11187|1
9713|11185|1
9714|11184|1
9715|11183|1
9716|11182|1
9717|11181|1
9718|11180|1
9719|11179|1
9720|11178|1
9721|11177|1
9722|11176|1
9723|11175|1
9724|11174|1
9725|11173|1
9726|11172|1
9727|11171|1
9728|11170|1
9729|11169|1
9730|11168|1
9731|11167|1
9732|11166|1
9733|11165|1
9734|11164|1
9735|11163|1
9736|11162|1
9737|11161|1
9738|11160|1
9739|11159|1
9740|11158|1
9741|11157|2
9742|11155|1
9743|11156|2
9744|11154|1
9745|11151|1
9746|11153|1
9747|11152|1
9748|11150|1
9749|11149|1
9750|11148|1
9751|11145|1
9752|11147|1
9753|11144|1
9754|11146|1
9755|11094|1
9756|11120|1
9757|11119|1
9758|11118|1
9759|11024|1
9760|11089|1
9761|11028|1
9762|11086|1
9763|11084|1
9764|11019|1
9765|11017|1
9766|11016|1
9767|11014|1
9768|11080|1
9769|11082|1
9770|11012|1
9771|11011|1
9772|11077|1
9773|11076|1
9775|10970|1
9776|11045|1
9777|11042|1
9778|11031|1
9779|11038|1
9781|11039|1
9782|11040|1
9783|11041|1
9786|11005|1
9787|11004|1
9788|11009|1
9789|11008|1
9791|11007|1
9792|11006|1
9793|10998|1
9795|10997|1
9796|10996|1
9797|10995|1
9798|10994|1
9799|10993|1
9800|10992|1
9806|11393|2
9807|11392|2
9808|11391|2
9809|11390|2
9811|11389|2
9813|11385|2
9817|11386|2
9819|11383|2
9821|11384|2
9823|11382|2
9824|11381|2
9825|11379|2
9826|11378|2
9828|11377|2
9829|11376|2
9830|11413|1
9831|11375|2
9832|11374|2
9833|11414|1
9834|11412|1
9835|11351|2
9836|11395|1
9837|11411|1
9838|11396|1
9839|11397|1
9840|11346|2
9841|11410|1
9842|11398|1
9843|11399|1
9844|11400|1
9845|11408|1
9847|11404|1
9848|11401|1
9849|11409|1
9850|11402|1
9851|11403|1
9852|11405|1
9854|11406|1
9856|11394|1
9858|11407|1
9859|11341|2
9860|11415|1
9861|11416|1
9862|10957|1
9863|10956|1
9864|11417|1
9865|11418|1
9866|11419|1
9867|11420|1
9868|11421|1
9870|11422|1
9871|10874|2
9872|10868|2
9873|10867|2
9874|10865|2
9875|11423|1
9876|11424|1
9877|11425|1
9878|11426|1
9879|11427|1
9880|11428|1
9881|11429|1
9882|11430|1
9883|11431|1
9885|11433|1
9886|11434|1
9887|11435|1
9888|11436|1
9889|11437|1
9890|11438|1
9891|11439|1
9892|11440|1
9893|11441|1
9894|11442|1
9895|11443|1
9896|11444|1
9897|11445|1
9898|11446|1
9900|10889|1
9901|10889|2
9902|11447|1
9903|11432|1
9905|11448|1
9907|11450|1
9908|11451|1
9909|11449|1
9911|11452|1
9912|11453|1
9913|11454|1
9914|11469|1
9915|11470|1
9916|11471|1
9917|11472|1
9919|11473|1
9920|11474|1
9921|11475|1
9922|11476|1
9923|11477|1
9924|11478|1
9925|11479|1
9926|11480|1
9927|11481|1
9928|11482|1
9929|11483|1
9930|11484|1
9931|11485|1
9932|11486|1
9933|11487|1
9934|11488|1
9935|11489|1
9936|11490|1
9937|11491|1
9938|11492|1
9939|11493|1
9940|11494|1
9941|11495|1
9942|11496|1
9943|11497|1
9944|11498|1
9946|11500|1
9947|11501|1
9948|11499|1
9949|11502|1
9950|11503|1
9951|11504|1
9952|11505|1
9953|11506|1
9954|11507|1
9955|11508|1
9956|11509|1
9957|11510|1
9958|11511|1
9959|11512|1
9960|11513|1
9961|11514|1
9962|11515|1
9963|11516|1
9964|11517|1
9965|11518|1
9966|11519|1
9968|11521|1
9969|11520|1
9970|11522|1
9971|11523|1
9972|11524|1
9973|11525|1
9974|11526|1
9975|11527|1
9976|11528|1
9977|11529|1
9978|11530|1
9979|11531|1
9980|11532|1
9981|11533|1
9982|11534|1
9983|11535|1
9984|11536|1
9985|11537|1
9986|11538|1
9987|11539|1
9988|11540|1
9989|11541|2
9992|11544|1
9993|11543|1
9995|11546|1
9997|11548|1
9998|11549|1
9999|11547|1
10000|11550|1
10002|11552|1
10004|11554|1
10006|11555|1
10007|11553|2
10008|11551|2
10009|11545|2
10010|11542|2
10011|11556|1
10012|11557|1
10013|11557|2
10014|11558|1
10015|11558|2
10016|11559|1
10017|11559|2
10018|11560|1
10019|11560|2
10022|11561|1
10023|11561|2
10026|11562|1
10027|11562|2
10028|11563|1
10029|11563|2
10032|11564|1
10033|11564|2
10034|11565|1
10035|11565|2
10036|11566|1
10037|11566|2
10040|11568|2
10041|11567|2
10043|11569|2
10044|11570|2
10046|11571|2
10047|11572|2
10049|11573|2
10050|11574|2
10051|11575|2
10052|11576|2
10055|11577|2
10056|11579|2
10057|11578|2
10058|11580|2
10059|11585|2
10060|11586|2
10061|11587|2
10063|11588|2
10064|11589|2
10065|11590|1
10066|11591|1
10067|11592|1
10069|11593|1
10070|11594|1
10071|11595|1
10072|11596|1
10073|11597|1
10074|11598|1
10075|11599|1
10076|11600|1
10077|11601|1
10079|11603|1
10080|11602|1
10081|11610|1
10082|11611|1
10083|11612|1
10087|11614|1
10089|11617|1
10092|11620|1
10084|11613|1
10096|11624|1
10086|11615|1
10088|11616|1
10090|11618|1
10093|11621|1
10094|11622|1
10095|11623|1
10098|11626|1
10097|11625|1
10099|11627|1
10100|11628|1
10101|11629|1
10102|11629|2
10103|11630|1
10104|11630|2
10105|11631|1
10106|11631|2
10107|11632|1
10108|11632|2
10109|11633|1
10110|11633|2
10111|11634|1
10112|11634|2
10116|11635|1
10118|11636|1
10119|11636|2
10120|11637|1
10121|11638|1
10122|11639|1
10123|11640|1
10124|11641|1
10125|11642|1
10126|11643|1
10127|11644|1
10128|11645|1
10129|11646|1
10133|11705|2
10139|11723|2
10140|11724|2
10141|11722|2
10142|11712|2
10143|11708|2
10144|11704|2
10145|11703|2
10146|11702|2
10147|11725|1
10149|11729|2
10151|11735|2
10152|11732|2
10153|11737|2
10154|11738|2
10155|11741|2
10156|11743|2
10157|11744|2
10158|11746|2
10160|11747|2
10161|11748|2
10162|11749|2
10163|11750|2
10164|11753|2
10166|11755|2
10167|11758|2
10168|11760|2
10169|11761|2
10170|11764|2
10171|11765|2
10172|11766|2
10173|11767|2
10174|11778|1
10175|11779|1
10176|11780|1
10177|11781|1
10178|11782|1
10179|11783|1
10180|11784|1
10181|11785|1
10183|11786|1
10184|11787|1
10185|11788|1
10186|11789|1
10187|11790|1
10188|11791|1
10190|11793|1
10191|11794|1
10192|11795|1
10194|11797|1
10196|11799|1
10197|11800|1
10198|11801|2
10199|11802|1
10200|11803|1
10219|11200|2
10220|11202|2
10221|11204|2
10223|11209|2
10224|11212|2
10225|11206|2
10228|11214|2
10229|11215|2
10230|11216|2
10231|11218|2
10233|11224|2
10234|11222|2
10235|11220|2
10236|11227|2
10237|11229|2
10238|11232|2
10239|11230|2
10240|11234|2
10241|11236|2
10242|11237|2
10243|11239|2
10244|11238|2
10246|11242|2
10247|11243|2
10248|11244|2
10249|11245|2
10250|11821|1
10251|11822|1
10252|11823|1
10253|11824|1
10254|11825|1
10255|11826|1
10256|11827|1
10257|11828|1
10258|11829|1
10259|11830|1
10260|11831|1
10261|11832|1
10262|11833|1
10263|11834|1
10264|11835|1
10265|11836|1
10266|11837|1
10267|11838|1
10268|11839|1
10269|11840|1
10270|11841|1
10271|11842|1
10272|11843|1
10273|11844|1
10274|11845|1
10275|11846|1
10276|11847|1
10277|11848|1
10278|11849|1
10279|11850|1
10280|11851|1
10281|11852|1
10282|11853|1
10283|11854|1
10284|11855|1
10285|11856|1
10286|11857|1
10287|11858|1
10288|11859|1
10289|11860|1
10290|11861|1
10291|11862|1
10292|11863|1
10293|11864|1
10294|11865|1
10295|11866|1
10296|11867|1
10297|11868|1
10298|11869|1
10299|11870|1
10300|11871|1
10301|11872|1
10302|11873|1
10303|11874|1
10304|11875|1
10305|11876|1
10306|11877|1
10307|11878|1
10308|11879|1
10309|11880|1
10310|11881|1
10311|11882|1
10312|11883|1
10313|11884|1
10314|11885|1
10315|11886|1
10316|11887|1
10317|11888|1
10318|11889|1
10319|11890|1
10320|11891|1
10322|11893|1
10323|11892|1
10324|11894|1
10325|11895|1
10326|11896|1
10327|11897|1
10328|11898|1
10329|11899|1
10330|11900|1
10331|11901|1
10332|11902|1
10334|11904|1
10335|11905|1
10336|11906|1
10337|11907|1
10338|11908|1
10339|11909|1
10340|11910|1
10341|11911|1
10342|11912|1
10343|11913|1
10344|11914|1
10345|11915|1
10346|11916|1
10347|11917|1
10348|11918|1
10349|11919|1
10350|11920|1
10351|11921|1
10352|11922|1
10354|11924|1
10355|11925|1
10356|11923|1
10357|11926|1
10358|11927|1
10359|11928|1
10360|11929|1
10361|11930|1
10362|11931|1
10363|11932|1
10364|11933|1
10365|11934|1
10366|11935|1
10367|11936|1
10368|11937|1
10369|11938|1
10370|11939|1
10371|11940|1
10373|11941|1
10374|11942|1
10375|11943|1
10376|11944|1
10378|11945|1
10380|11947|1
10382|11949|1
10383|11946|1
10384|11948|1
10385|11950|1
10386|11951|1
10387|11952|1
10388|11953|1
10390|11954|1
10391|11955|2
10392|11956|2
10393|11957|2
10394|11958|2
10395|11959|2
10396|11960|2
10398|11962|2
10399|11961|2
10400|11963|2
10407|11967|1
10408|11967|2
10409|11968|1
10410|11968|2
10411|11969|1
10412|11969|2
10413|11970|1
10414|11970|2
10417|11972|1
10418|11973|2
10419|11974|1
10420|11974|2
10423|11964|1
10424|11964|2
10425|11965|1
10426|11965|2
10427|11966|1
10428|11966|2
10431|11976|1
10432|11976|2
10433|11977|1
10434|11977|2
10435|11975|1
10436|11975|2
10437|11978|1
10438|11978|2
10439|11979|2
10444|11983|2
10445|11984|2
10446|11985|2
10447|11986|2
10448|11987|2
10449|11988|2
10450|11989|2
10451|11990|1
10452|11991|2
10453|11992|2
10454|11993|2
10455|11792|1
10456|11796|1
10457|11798|1
10458|11903|1
10459|11994|2
10460|11995|2
10461|10987|2
10462|11258|2
10463|11259|2
10464|11260|2
10465|11261|2
10466|11262|2
10468|11268|2
10469|11266|2
10470|11269|2
10471|11272|2
10473|11274|2
10474|11277|2
10475|11278|2
10476|10949|2
10477|10950|2
10478|10951|2
10479|10952|2
10480|10953|2
10481|11996|2
10482|11296|2
10483|11295|2
10484|11297|2
10485|11298|2
10486|11299|2
10487|11301|2
10488|11303|2
10489|11306|2
10490|11310|2
10523|11997|2
10524|11998|2
10525|11999|2
10526|12000|2
10527|12001|2
10528|12002|2
10529|12003|2
10530|12004|2
10543|11308|2
10544|11313|2
10545|11314|2
10546|11315|2
10547|10905|2
10551|10911|2
10553|10907|2
10554|10912|2
10555|10910|2
10556|10906|2
10557|10913|2
10558|10916|2
10559|11201|2
10560|11205|2
10561|11207|2
10562|11208|2
10563|11210|2
10564|11211|2
10565|11213|2
10566|11217|2
10567|11219|2
10568|11240|2
10570|12014|1
10572|12015|1
10571|12013|1
10573|12016|1
10574|12017|1
10575|12018|1
10576|12019|1
10579|12021|1
10580|11223|2
10587|11221|2
10588|12027|1
10589|11225|2
10590|11226|2
10605|12031|1
10607|12033|1
10608|12034|1
10612|12038|1
10613|12039|1
10623|12047|2
10578|12020|1
10600|10990|2
10609|12035|1
10618|12044|2
10582|12022|1
10601|10991|2
10583|12023|1
10584|12024|1
10585|12025|1
10586|12026|1
10593|11233|2
10597|10985|2
10602|12028|1
10604|12030|1
10610|12036|1
10611|12037|1
10591|11228|2
10592|11231|2
10594|11235|2
10595|10982|2
10596|10983|2
10598|10988|2
10606|12032|1
10619|12045|1
10620|12045|2
10599|10989|2
10603|12029|1
10621|12046|1
10622|12046|2
10624|12072|1
10625|12073|1
10626|12074|1
10627|12075|1
10628|12076|1
10629|12077|1
10630|12078|1
10631|12079|1
10632|12080|1
10633|12081|1
10634|12082|1
10635|12083|1
10636|12084|1
10637|12085|1
10638|12086|1
10639|12087|1
10640|12088|1
10641|12089|1
10642|12090|1
10643|12091|1
10644|12092|1
10645|12093|1
10646|12094|1
10647|12095|1
10648|12096|1
10649|12097|1
10650|12098|1
10651|12099|1
10652|12100|1
10653|12101|1
10654|12102|1
10655|12103|1
10656|12104|1
10657|12105|1
10658|12106|1
10659|12107|1
10660|12108|1
10661|12109|1
10662|12110|1
10663|12111|1
10664|12112|1
10665|12113|1
10666|12114|1
10667|12115|1
10668|12116|1
10669|12117|1
10670|12118|1
10671|12119|1
10672|12120|1
10673|12121|1
10674|12122|1
10675|12123|1
10676|12124|1
10677|12125|1
10678|12126|1
10679|12127|1
10680|12131|2
10681|11248|2
10682|11250|2
10683|11253|2
10684|11254|2
10685|11255|2
10686|11257|2
10687|11256|2
10688|11263|2
10689|11265|2
10691|11267|2
10692|11264|2
10693|11270|2
10694|11271|2
10695|11273|2
10696|11275|2
10697|11280|2
10698|11279|2
10700|11281|2
10701|11282|2
10702|11283|2
10703|11284|2
10705|11286|2
10706|11285|2
10707|11287|2
10708|11288|2
10709|11290|2
10710|11291|2
10711|11289|2
10712|11292|2
10713|12168|2
10714|12169|2
10716|12171|1
10717|12172|1
10718|12170|1
10719|12173|1
10720|12174|1
10721|12175|1
10722|12176|1
10724|11246|2
10725|11247|2
10726|11249|2
10727|11251|2
10728|11252|2
10729|12202|2
10730|12225|2
10731|12226|2
10732|12230|2
10734|12231|2
10735|12232|2
10736|12237|2
10738|12239|2
10739|12238|2
10740|12240|2
10741|12241|2
10742|12242|2
10743|12243|2
10744|12244|2
10745|12245|2
10746|12246|2
10747|12247|2
10748|12248|2
10749|12249|2
10750|12250|2
10751|12251|2
10752|12252|2
10754|12254|1
10755|12255|1
10756|12256|1
10757|12257|1
10758|12258|1
10759|12259|1
10760|12260|1
10761|12261|1
10762|12262|1
10763|12263|1
10764|12264|1
10765|12265|1
10766|12266|1
10767|12267|1
10768|12268|1
10769|12269|1
10770|12270|1
10771|12271|1
10772|12272|1
10773|12273|1
10774|12274|1
10775|12275|1
10776|12276|1
10777|12281|1
10778|12282|1
10779|12283|1
10780|12284|1
10781|12285|1
10782|12286|1
10783|12287|1
10784|12288|1
10785|12289|1
10786|12290|1
10787|12291|1
10788|12292|1
10789|12293|1
10790|12294|1
10791|12295|1
10792|12296|1
10793|12297|1
10794|12298|1
10795|12299|1
10796|12300|1
10797|12301|1
10798|12302|1
10799|12303|1
10800|12304|1
10801|12305|1
10802|12306|1
10803|12307|1
10804|12308|1
10805|12309|1
10806|12310|1
10807|12311|1
10808|12312|1
10809|12313|1
10810|12314|1
10811|12315|1
10812|12316|1
10819|12323|1
10839|12349|2
10813|12317|1
10822|12326|1
10814|12318|1
10821|12325|1
10835|12345|2
10843|12353|2
10846|12356|2
10850|12360|2
10815|12319|1
10824|12328|1
10845|12355|2
10816|12320|1
10833|12343|2
10817|12321|1
10818|12322|1
10823|12327|1
10831|12341|2
10820|12324|1
10854|12364|2
10825|12329|1
10826|12330|1
10832|12342|2
10837|12347|2
10847|12357|2
10827|12331|1
10828|12332|1
10829|12333|1
10830|12334|1
10834|12344|2
10842|12352|2
10844|12354|2
10848|12358|2
10851|12361|2
10855|12365|2
10856|12366|2
10836|12346|2
10838|12348|2
10840|12350|2
10849|12359|2
10853|12363|2
10841|12351|2
10852|12362|2
10858|12368|2
10859|12369|2
10861|12476|1
10862|12501|2
10863|12502|2
10865|12504|2
10866|12505|2
10867|12506|2
10868|12507|2
10869|12508|2
10870|12510|1
10871|12503|2
10872|12511|2
10873|12512|2
10874|12513|2
10875|12514|2
10876|12515|2
10877|12516|2
10878|12517|2
10879|12518|2
10880|12519|2
10881|12520|2
10882|12521|2
10883|12522|2
10884|12523|2
10885|12524|2
10886|12525|2
10887|12526|2
10888|12527|2
10889|12541|1
10890|12542|1
10891|12544|1
10892|12545|1
10893|12547|1
10894|12548|1
10895|12549|1
10896|12550|1
10897|12551|1
10898|12552|1
10899|12553|1
10900|12554|1
10901|12555|1
10902|12556|1
10903|12557|1
10904|12558|1
10905|12588|2
10906|12589|1
10907|12590|1
10908|12591|1
10909|12592|1
10910|12593|1
10911|12594|1
10912|12595|1
10913|12596|1
10914|12597|1
10915|12598|1
10916|12599|1
10917|12600|1
10918|12601|1
10919|12602|1
10920|12603|1
10921|12604|1
10922|12605|1
10923|12606|1
10924|12607|1
10925|12608|1
10926|12609|1
10927|12610|1
10928|12611|1
10929|12621|1
10930|12622|1
10931|12623|1
10932|12624|1
10933|12625|1
10934|12626|1
10935|12627|1
10936|12628|1
10937|12629|1
10938|12630|1
10939|12631|2
10941|12633|1
10942|12632|1
10943|12634|1
10944|12635|1
10945|12636|1
10946|12637|1
10947|12638|1
10948|12639|1
10949|12640|1
10950|12641|1
10951|12642|1
10952|12643|1
10953|12644|1
10954|12645|1
10955|12646|1
10956|12647|1
10957|12648|1
10958|12649|1
10959|12650|1
10960|12651|1
10961|12652|1
10962|12653|1
10963|12654|1
10964|12655|1
10965|12656|1
10966|12657|1
10967|12658|1
10968|12667|1
10969|12668|1
10970|12669|1
10971|12670|1
10972|12671|1
10973|12672|1
10974|12673|1
10975|12674|1
10976|12675|1
10977|12676|1
10978|12677|1
10979|12678|1
10980|12679|1
10981|12680|1
10982|12681|2
10983|12682|2
10984|12683|2
10985|12684|2
10986|12685|2
10987|12686|2
10988|12687|2
10989|12688|2
10990|12689|2
10991|12690|2
10992|12691|2
10995|12692|2
10996|12693|2
10997|11323|2
10998|11324|2
10999|11326|2
11000|11329|2
11001|11332|2
11002|11334|2
11003|11335|2
11004|11336|2
11005|11337|2
11006|11338|2
11007|11342|2
11008|11343|2
11009|11344|2
11010|11345|2
11011|11347|2
11012|11348|2
11013|11349|2
11015|11350|2
11016|12696|2
11017|12703|1
11018|12704|1
11019|12705|1
11020|12706|1
11021|12707|1
11022|12708|1
11023|12709|1
11024|12710|1
11025|12711|1
11026|12712|1
11027|12713|1
11028|12718|1
11029|12719|1
11030|12720|1
11031|12721|1
11032|12722|1
11033|12723|1
11034|12724|1
11035|12725|1
11036|12726|1
11037|12727|1
11038|12728|1
11039|12729|1
11040|12730|1
11042|12731|1
11043|12732|1
11044|12733|1
11045|12734|1
11046|12735|1
11047|12736|1
11048|12737|1
11049|12738|1
11050|12739|1
11051|12740|1
11052|12741|1
11053|12742|1
11054|12743|1
11055|12744|1
11056|12745|1
11057|12746|1
11058|12747|1
11059|12748|1
11060|12749|1
11061|12750|1
11062|12751|1
11063|12752|1
11064|12753|1
11065|12754|1
11066|12755|1
11067|12756|1
11068|12757|1
11069|12758|1
11070|12759|1
11071|12760|1
11072|12761|1
11073|12762|1
11074|12763|1
11075|12764|1
11076|12765|1
11077|12766|1
11078|12767|1
11079|12768|1
11080|12769|1
11081|12770|1
11082|12771|1
11083|12772|1
11084|12773|1
11085|12774|1
11086|12775|1
11087|12776|2
11088|12777|2
11089|12778|2
11090|12779|2
11091|12780|2
11092|12781|2
11093|12782|2
11094|12783|2
11095|12784|2
11096|12785|2
11097|12786|2
11098|12787|2
11099|12788|2
11100|12789|2
11101|12790|2
11102|12791|2
11103|12792|2
11104|12793|2
11105|12794|2
11106|12795|2
11107|12796|2
11108|12797|2
11109|12798|2
11110|12799|2
11111|12800|2
11112|12801|2
11113|12802|2
11114|12803|2
11115|12804|2
11116|12805|1
11117|12806|1
11118|12807|1
11119|12808|1
11120|12809|1
11121|12810|1
11122|12811|1
11123|12812|1
11124|12813|1
11125|12814|1
11126|12818|1
11127|12819|1
11128|12821|1
11129|12822|1
11130|12823|2
11131|12824|2
11132|12825|2
11133|12826|2
11134|12827|2
11135|12828|2
11136|12829|2
11137|12830|2
11138|12831|2
11139|12832|2
11140|12833|2
11141|12834|2
11142|12835|2
11143|12836|2
11144|12837|2
11150|12838|2
11151|12840|2
11152|12839|2
11153|12846|1
11154|12847|1
11155|12848|1
11156|12849|1
11157|12850|1
11158|12851|1
11159|12852|1
11160|12853|1
11161|12854|1
11162|12855|1
11163|12856|1
11164|12857|1
11165|12858|1
11166|12859|1
11167|12860|1
11168|12861|1
11169|12862|1
11170|12863|1
11171|12864|1
11172|12865|1
11173|12866|1
11174|12867|1
11175|12868|1
11176|12869|1
11177|12870|1
11178|12871|1
11179|12872|1
11180|12873|1
11181|12874|1
11182|12875|1
11183|12876|1
11184|12877|1
11185|12878|1
11186|12879|1
11187|12880|1
11188|12881|1
11189|12882|1
11190|12883|1
11191|12884|1
11192|12885|1
11193|12886|1
11194|12887|1
11195|12888|1
11196|12889|1
11197|12890|1
11198|12891|1
11199|12892|1
11200|12893|1
11201|12894|1
11202|12895|1
11203|12896|1
11204|12897|1
11206|12898|1
11207|12899|1
11208|12900|1
11209|12901|1
11210|12902|1
11211|12903|1
11212|12904|1
11213|12905|1
11214|12906|1
11215|12907|1
11216|12908|1
11217|12909|1
11218|12910|2
11219|12911|1
11220|12912|2
11221|12913|2
11222|12914|2
11223|12915|2
11224|12916|2
11225|12917|2
11226|12918|2
11227|12919|2
11228|12920|2
11229|12921|2
11230|12922|2
11231|12923|2
11232|12924|2
11233|12925|2
11234|12926|2
11235|12927|2
11236|12928|2
11237|12929|2
11238|12930|2
11239|12931|2
11246|12938|2
11251|12943|2
11255|12947|2
11240|12932|2
11241|12933|2
11242|12934|2
11243|12935|2
11244|12936|2
11245|12937|2
11247|12939|2
11248|12940|2
11249|12941|2
11250|12942|2
11252|12944|2
11254|12946|2
11259|12951|2
11253|12945|2
11256|12948|2
11257|12949|2
11258|12950|2
11260|12952|1
11262|12954|1
11263|12953|1
11264|12955|1
11265|12956|1
11266|12957|1
11267|12958|1
11268|12959|1
11269|12960|1
11270|12961|1
11271|13052|2
11272|13053|2
11273|13054|2
11274|13055|2
11275|13056|2
11276|13068|2
11277|13069|2
11278|13070|2
11279|13071|2
11280|13072|2
11281|13073|2
11282|13074|2
11283|13075|2
11284|13076|2
11285|13077|2
11286|13078|2
11287|13079|2
11288|13080|2
11289|13081|2
11290|13082|2
11291|13083|2
11292|13084|2
11293|13085|2
11294|13086|2
11295|13087|1
11296|13088|1
11297|13089|1
11298|13090|1
11299|13091|1
11300|13092|1
11301|13093|1
11302|13094|1
11303|13095|1
11304|13096|1
11305|13101|2
11306|13102|2
11307|13103|2
11308|13104|2
11309|13105|2
11310|13106|2
11311|13107|2
11312|13111|2
11313|13112|2
11314|13113|2
11315|13114|2
11316|13115|2
11317|13116|1
11318|13117|1
11319|13118|1
11320|13119|1
11321|13120|1
11322|13121|1
11323|13122|1
11324|13123|1
11325|13141|1
11326|13142|1
11327|13143|1
11328|13144|1
11329|13145|1
11330|13146|1
11331|13147|1
11332|13148|1
11333|13149|1
11334|13150|1
11335|13151|1
11336|13152|1
11337|13153|1
11338|13154|1
11339|13155|1
11340|13156|1
11341|13157|1
11342|13158|1
11343|13159|1
11344|13160|1
11345|13161|1
11346|13162|1
11347|13163|1
11348|13164|1
11349|13165|1
11350|13166|1
11352|13168|1
11353|13169|1
11355|13167|1
11356|13170|1
11358|13171|1
11359|13172|1
11360|13173|1
11361|13174|1
11362|13175|1
11363|13176|1
11364|13177|1
11365|13178|1
11366|13179|1
11367|13180|1
11368|13181|1
11369|13182|1
11370|13183|1
11372|13186|2
11373|13188|2
11374|13189|2
11375|13190|2
11377|13194|2
11378|13196|2
11379|13197|2
11380|13198|2
11382|13199|2
11383|13201|2
11384|13203|2
11385|13204|2
11386|13206|2
11387|13207|2
11388|13208|2
11389|13210|2
11390|13211|2
11391|13212|2
11392|13213|2
11393|13214|2
11394|13215|2
11395|13216|2
11396|13217|2
11398|13219|2
11399|13220|2
11400|13218|2
11401|13249|2
11402|13250|2
11403|13251|2
11404|13252|2
11405|13253|2
11406|13254|2
11407|13255|2
11408|13256|2
11409|13257|2
11410|13258|2
11411|13259|2
11412|13260|2
11413|13261|2
11414|13262|2
11415|13263|2
11416|13264|2
11417|13265|2
11419|13267|2
11420|13266|2
11421|13307|1
11422|13308|1
11423|13309|1
11424|13310|1
11425|13311|1
11426|13312|1
11427|13313|1
11428|13314|1
11429|13315|1
11430|13316|1
11431|13317|1
11432|13318|1
11433|13319|1
11434|13320|1
11435|13321|1
11436|13322|1
11437|13323|1
11438|13324|1
11439|13325|1
11440|13326|1
11441|13327|1
11442|13328|1
11443|13329|1
11444|13330|1
11445|13331|1
11446|13332|1
11447|13333|1
11448|13334|2
11450|13335|2
11451|13336|2
11452|13337|2
11453|13338|2
11454|13339|2
11455|13340|2
11456|13341|2
11461|13346|2
11464|13348|2
11484|13369|1
11495|13379|1
11496|13380|1
11503|13387|1
11528|13427|1
11457|13342|2
11458|13343|2
11459|13344|2
11460|13345|2
11463|13347|2
11465|13349|2
11466|13350|2
11468|13351|2
11469|13352|2
11470|13353|2
11471|13354|2
11472|13355|2
11473|13356|2
11474|13359|1
11475|13360|1
11476|13361|1
11477|13362|1
11478|13363|1
11479|13364|1
11480|13365|1
11481|13366|1
11482|13367|1
11483|13368|1
11485|13370|1
11486|13371|1
11487|13372|1
11488|13373|1
11489|13374|1
11490|13375|1
11491|13376|1
11493|13377|1
11494|13378|1
11497|13381|1
11498|13382|1
11499|13383|1
11500|13384|1
11501|13385|1
11502|13386|1
11504|13388|1
11507|13391|1
11509|13393|1
11510|13394|2
11512|13395|2
11516|13399|2
11505|13389|1
11506|13390|1
11513|13396|2
11514|13397|2
11515|13398|2
11518|13400|2
11519|13401|2
11520|13402|2
11521|13403|2
11522|13392|1
11523|13422|2
11524|13423|1
11525|13424|1
11526|13425|1
11527|13426|1
11529|13428|1
11530|13429|1
11531|13430|1
11532|13431|1
11533|13432|1
11534|13433|1
11535|13434|1
11536|13435|1
11539|13477|1
11540|13476|1
11541|13478|1
11542|13479|1
11543|13480|1
11544|13481|1
11545|13482|1
11546|13483|1
11547|13484|1
11548|13485|1
11549|13486|1
11550|13487|1
11551|13488|1
11552|13489|1
11553|13490|1
11554|13491|1
11555|13492|1
11556|13493|1
11557|13494|1
11558|13499|2
11559|13500|2
11560|13501|2
11561|13502|2
11562|13503|2
11563|13504|2
11564|13505|2
11565|13506|2
11566|13507|2
11567|13508|2
11568|13509|2
11569|13510|2
11570|13511|2
11571|13512|2
11572|13513|2
11573|13514|2
11574|13515|2
11575|13516|2
11576|13517|2
11577|13518|2
11578|13519|2
11579|13520|2
11580|13521|2
11581|13522|2
11582|13523|2
11583|13524|2
11584|13525|2
11585|13526|2
11586|13527|2
11587|13528|2
11588|13529|2
11589|13530|2
11590|13531|2
11591|13532|1
11593|13533|1
11594|13534|1
11595|13535|1
11596|13536|1
11597|13537|1
11598|13538|1
11599|13539|1
11600|13540|1
11601|13541|1
11602|13542|1
11603|13543|1
11604|13544|1
11605|13545|1
11606|13546|1
11607|13547|1
11608|13548|1
11609|13549|1
11610|13550|1
11612|13551|1
11613|13552|1
11614|13553|1
11615|13554|1
11616|13555|1
11617|13556|1
11618|13557|1
11619|13558|1
11620|13559|1
11621|13560|1
11622|13561|1
11623|13562|1
11624|13563|1
11625|13564|1
11626|13565|1
11627|13566|1
11628|13567|1
11629|13568|1
11630|13569|1
11631|13570|1
11632|13571|1
11633|13572|1
11634|13573|1
11636|13574|1
11637|13575|1
11638|13576|1
11639|13577|1
11640|13578|1
11641|13579|1
11642|13580|1
11643|13581|1
11644|13582|1
11645|13583|1
11646|13584|1
11647|13585|1
11648|13586|1
11649|13587|1
11650|13588|1
11651|13589|1
11652|13590|1
11653|13591|1
11654|13592|1
11655|13593|1
11656|13594|1
11657|13595|1
11659|13597|1
11660|13598|1
11661|13596|1
11662|13599|1
11663|13600|1
11664|13601|1
11665|13602|1
11666|13603|1
11667|13604|1
11668|13605|1
11669|13606|1
11671|13608|1
11672|13607|1
11675|13609|1
11676|13610|1
11677|13611|1
11679|13612|1
11680|13613|2
11681|13614|2
11683|13616|2
11684|13618|1
11692|13654|1
11694|13657|1
11700|13662|1
11716|13682|1
11731|13680|2
11759|13677|1
11762|13732|1
11763|13733|1
11764|13734|1
11765|13735|1
11766|13736|1
11767|13737|1
11768|13738|1
11769|13739|1
11770|13740|1
11771|13741|1
11772|13742|1
11775|13745|1
11776|13746|1
11778|13747|1
11779|13748|1
11780|13749|1
11781|13750|1
11782|13751|1
11783|13752|1
11784|13753|1
11785|13754|1
11786|13755|1
11787|13756|1
11788|13757|1
11810|13783|1
11811|13784|1
11812|13785|1
11827|13816|2
11828|13817|2
11829|13822|1
11830|13823|1
11831|13824|1
11832|13825|1
11833|13826|1
11834|13827|1
11835|13828|1
11836|13829|1
11837|13830|1
11838|13831|1
11839|13832|1
11840|13833|1
11841|13834|1
11842|13835|1
11843|13836|1
11844|13837|1
11845|13838|1
11846|13839|1
11847|13840|1
11848|13841|1
11849|13842|1
11850|13843|1
11851|13844|1
11852|13845|1
11853|13846|1
11854|13847|1
11855|13848|1
11856|13849|1
11857|13850|1
11858|13851|1
11862|13855|1
11863|13852|1
11864|13853|1
11865|13854|1
11866|13856|1
11867|13857|1
11868|13858|1
11869|13859|1
11870|13860|1
11871|13861|1
11872|13862|1
11873|13863|2
11877|13865|2
11878|13866|1
11879|13867|1
11880|13868|1
11881|13869|1
11882|13870|1
11883|13871|1
11886|13890|1
11887|13891|1
11888|13892|1
11889|13893|1
11890|13894|1
11891|13895|1
11892|13896|2
11893|13897|2
11896|13898|2
11897|13899|2
11901|13902|2
11903|13901|2
11904|13903|2
11905|13904|2
11906|13908|1
11907|13909|1
11908|13910|1
11909|13911|1
11910|13912|1
11911|13913|1
11912|13914|2
11913|13915|2
11914|13916|2
11916|13918|2
11915|13917|2
11917|13919|2
11918|13920|1
11919|13921|1
11920|13922|1
11921|13923|1
11922|13924|1
11923|13925|1
11926|13934|2
11927|13951|1
11940|13730|1
11941|13731|1
11942|13743|1
11943|13744|1
11945|13764|2
11947|13765|2
11948|13766|2
11949|13767|2
11950|13965|1
11951|13965|2
11952|13966|1
11953|13966|2
11954|13967|1
11955|13967|2
11956|13968|1
11957|13968|2
11958|13969|1
11959|13969|2
11960|13970|1
11961|13970|2
11962|13971|1
11963|13971|2
11964|13972|1
11965|13972|2
11966|13973|1
11967|13973|2
11968|13974|1
11969|13974|2
11972|13976|1
11973|13976|2
11976|13978|1
11977|13978|2
11978|13979|1
11979|13979|2
11980|13980|1
11981|13980|2
11984|13982|1
11985|13982|2
11986|13983|1
11987|13983|2
11988|13984|1
11989|13984|2
11990|13985|1
11991|13985|2
11996|13975|1
11997|13975|2
11998|13977|1
11999|13977|2
12000|13981|1
12001|13981|2
12002|13986|1
12003|13986|2
12004|13988|1
12005|13988|2
12008|13990|1
12009|13990|2
12010|13991|1
12011|13991|2
12012|13989|1
12013|13989|2
12015|13995|2
12016|13996|2
12017|13997|2
12018|13998|2
12019|13999|2
12020|14000|2
12021|14021|1
12022|14022|1
12023|14023|1
12024|14024|1
12025|14025|1
12026|14026|1
12027|14027|1
12028|14028|1
12029|14029|1
12030|14030|1
12031|14031|1
12032|14032|1
12034|14034|1
12035|14033|1
12036|14035|1
12037|14036|1
12038|14037|1
12039|14038|1
12040|14039|1
12041|14040|1
12042|14041|1
12043|14042|1
12044|14043|1
12045|14044|1
12046|14045|1
12047|14046|1
12048|14047|1
12050|14049|1
12051|14050|1
12053|14052|1
12054|14053|1
12055|14054|1
12056|14055|1
12057|14056|1
12059|14057|1
12060|14058|1
12061|14059|1
12063|14061|1
12065|14063|1
12066|14064|1
12067|14065|1
12068|14066|1
12069|14067|1
12070|14068|1
12071|14069|1
12072|14070|1
12073|14071|1
12074|14072|1
12075|14073|1
12076|14074|1
12077|14075|1
12078|14076|1
12079|14077|1
12080|14078|1
12081|14079|1
12082|14080|1
12083|14081|1
12084|14084|2
12088|14086|2
12089|14085|2
12090|14087|2
12091|14088|2
12092|14089|2
12093|14090|2
12096|14092|2
12097|14093|2
12098|14094|2
12099|14095|2
12100|14096|2
12109|14103|1
12110|14104|1
12111|14105|1
12112|14106|1
12113|14102|1
12114|14101|1
12115|13718|1
12116|13719|1
12117|13720|1
12118|13715|1
12119|13716|1
12120|13717|1
12121|13714|1
12122|13713|1
12123|13712|1
12124|13710|1
12125|13709|1
12126|13705|1
12127|13703|1
12128|13704|1
12129|13702|1
12130|13701|1
12131|13700|1
12132|13699|1
12133|13698|1
12136|13693|1
12134|13697|1
12138|13691|1
12135|13694|1
12137|13692|1
12140|13689|1
12139|13690|1
12141|13687|1
12142|13685|1
12143|13758|1
12145|14108|1
12146|14109|1
12147|14110|1
12148|14111|1
12149|14112|1
12150|14113|1
12151|14114|1
12152|14115|1
12153|13874|1
12154|14116|1
12155|13872|1
12156|14118|1
12157|13929|1
12158|14120|1
12159|13933|2
12160|14121|2
12161|14122|2
12162|14123|2
12163|14124|2
12164|14125|2
12165|14126|2
12166|14127|2
12167|14128|2
12169|14129|2
12170|14130|2
12171|14131|2
12172|14132|2
12173|14133|2
12174|14134|2
12175|14135|2
12176|14136|2
12177|14137|2
12178|14138|2
12179|14139|2
12180|14140|2
12181|14141|2
12182|14142|2
12183|14143|2
12184|14144|2
12185|14145|2
12188|14147|2
12189|14148|2
12190|14149|2
12191|14150|2
12192|14151|2
12218|14174|2
12219|14175|2
12220|14176|2
12221|14177|2
12222|14178|2
12223|14179|2
12224|14180|2
12225|14181|2
12226|14182|2
12227|14183|2
12228|14184|2
12229|14154|1
12230|14155|1
12231|14157|1
12232|14156|1
12233|14158|1
12234|14159|1
12236|14160|1
12237|14161|1
12238|14162|2
12239|14164|1
12240|14165|1
12241|14166|1
12242|14185|1
12243|14167|1
12244|14168|1
12245|14169|1
12246|14170|1
12252|14191|1
12253|14190|1
12254|14189|1
12255|14188|1
12256|14187|1
12257|14186|1
12258|14192|1
12259|14193|1
12260|14194|1
12261|13952|1
12262|14195|1
12263|14196|1
12265|14197|1
12267|14199|1
12268|14200|1
12269|14201|1
12270|14202|1
12271|14203|1
12272|14204|1
12273|14205|1
12274|14206|1
12275|14207|1
12276|14208|1
12277|14209|1
12279|14211|1
12280|14212|1
12282|14213|1
12283|14214|1
12284|14215|1
12285|14216|1
12286|14217|1
12287|14218|1
12288|14219|1
12289|14220|1
12290|14221|2
12291|14222|2
12292|14223|2
12293|14224|1
12294|14233|2
12295|14234|2
12296|14235|2
12297|14236|2
12298|14237|2
12299|14238|2
12300|14239|2
12301|14240|1
12302|14241|1
12304|14243|1
12305|13789|1
12306|13788|1
12307|13787|1
12308|13786|1
12309|14244|1
12310|14245|1
12311|14246|1
12312|14247|1
12313|14248|1
12314|14249|1
12315|14250|1
12316|14251|1
12318|14253|1
12319|14252|1
12321|14255|1
12322|14254|1
12323|14256|1
12324|14257|1
12325|14258|1
12326|14259|1
12327|14260|1
12333|14265|1
12334|14266|1
12335|14267|1
12336|14264|1
12337|14263|1
12338|14262|1
12339|14261|1
12340|14268|1
12341|14269|1
12343|14271|1
12344|14272|2
12345|14273|2
12346|14270|1
12347|14274|2
12348|14275|2
12349|14276|2
12350|14277|2
12351|14278|2
12352|14279|2
12353|14294|2
12354|14295|2
12355|14296|2
12356|14297|2
12358|14299|2
12359|14298|2
12360|14300|2
12361|14301|2
12362|14302|2
12363|14303|2
12364|14304|2
12365|14305|2
12366|14306|2
12367|14307|2
12368|14308|2
12369|14309|2
12370|14310|2
12371|14319|2
12372|14320|2
12373|14321|2
12374|14322|2
12375|14323|2
12376|14324|2
12377|14325|2
12378|14326|2
12379|14327|2
12380|14328|2
12381|14329|2
12382|14330|2
12383|14331|2
12384|14332|2
12385|14333|2
12386|14334|2
12387|14335|2
12388|14336|2
12390|14338|2
12391|14339|2
12392|14340|2
12393|14341|2
12394|14342|2
12395|14343|2
12396|14344|2
12397|14345|2
12398|14346|2
12399|14347|2
12400|14348|2
12401|14349|2
12403|14379|2
